State,Account length,Area code,International plan,Voice mail plan,Number vmail messages,Total day minutes,Total day calls,Total day charge,Total eve minutes,Total eve calls,Total eve charge,Total night minutes,Total night calls,Total night charge,Total intl minutes,Total intl calls,Total intl charge,Customer service calls,Churn,total_minutes,total_calls,total_charge,day_charge_per_min,day_min_per_call,day_charge_per_call,eve_charge_per_min,eve_min_per_call,eve_charge_per_call,night_charge_per_min,night_min_per_call,night_charge_per_call,total_charge_per_min,total_min_per_call,total_charge_per_call,day_minutes_ratio,day_charge_ratio,predicted_proba,predicted_label
LA,117,408,No,No,0,184.5,97,31.37,351.6,80,29.89,215.8,90,9.71,8.7,4,2.35,1,False,760.6000000000001,271,73.32,0.1700271002710027,1.902061855670103,0.3234020618556701,0.08501137656427758,4.3950000000000005,0.373625,0.04499536607970343,2.397777777777778,0.1078888888888889,0.09639758085721796,2.8066420664206646,0.2705535055350553,0.24257165395740202,0.42785051827605025,0.1117303468844498,0
IN,65,415,No,No,0,129.1,137,21.95,228.5,83,19.42,208.8,111,9.4,12.7,6,3.43,4,True,579.1000000000001,337,54.2,0.1700232378001549,0.9423357664233576,0.16021897810218977,0.08498905908096281,2.753012048192771,0.23397590361445786,0.045019157088122604,1.8810810810810812,0.0846846846846847,0.0935935071662925,1.71839762611276,0.16083086053412463,0.222932136073217,0.4049815498154981,0.8712561114204649,1
NY,161,415,No,No,0,332.9,67,56.59,317.8,97,27.01,160.6,128,7.23,5.4,9,1.46,4,True,816.7,301,92.29,0.16999098828477022,4.96865671641791,0.8446268656716418,0.08499056010069227,3.2762886597938143,0.2784536082474227,0.0450186799501868,1.2546875,0.056484375,0.11300355087547446,2.7132890365448508,0.30661129568106316,0.4076160156728296,0.613175858706252,0.9821048697010732,1
SC,111,415,No,No,0,110.4,103,18.77,137.3,102,11.67,189.6,105,8.53,7.7,6,2.08,2,False,445.0,316,41.05,0.17001811594202898,1.071844660194175,0.18223300970873785,0.08499635833940276,1.3460784313725491,0.11441176470588235,0.044989451476793244,1.8057142857142856,0.08123809523809523,0.09224719101123595,1.4082278481012658,0.12990506329113924,0.24808988764044945,0.4572472594397077,0.01796637405110147,0
HI,49,510,No,No,0,119.3,117,20.28,215.1,109,18.28,178.7,90,8.04,11.1,1,3.0,1,False,524.1999999999999,317,49.6,0.16999161777032692,1.0196581196581196,0.17333333333333334,0.08498372849837285,1.973394495412844,0.16770642201834862,0.044991606043648574,1.9855555555555555,0.08933333333333332,0.09462037390309044,1.6536277602523657,0.15646687697160883,0.2275848912628768,0.4088709677419355,0.02861668490963274,0
AK,36,408,No,Yes,30,146.3,128,24.87,162.5,80,13.81,129.3,109,5.82,14.5,6,3.92,0,False,452.6,323,48.42,0.16999316473000683,1.14296875,0.194296875,0.0849846153846154,2.03125,0.172625,0.04501160092807424,1.186238532110092,0.05339449541284404,0.1069818824569156,1.4012383900928793,0.14990712074303406,0.3232434821034026,0.5136307311028501,0.011074491992330933,0
MI,65,415,No,No,0,211.3,120,35.92,162.6,122,13.82,134.7,118,6.06,13.2,5,3.56,3,False,521.8,365,59.36000000000001,0.16999526739233317,1.7608333333333335,0.29933333333333334,0.08499384993849939,1.3327868852459015,0.11327868852459017,0.04498886414253898,1.1415254237288135,0.051355932203389826,0.11376006132617864,1.4295890410958902,0.16263013698630138,0.4049444231506325,0.605121293800539,0.0086917986347039,0
ID,119,415,No,No,0,159.1,114,27.05,231.3,117,19.66,143.2,91,6.44,8.8,3,2.38,5,True,542.3999999999999,325,55.53,0.1700188560653677,1.3956140350877193,0.23728070175438598,0.0849978383052313,1.976923076923077,0.16803418803418804,0.04497206703910615,1.5736263736263736,0.07076923076923078,0.10237831858407083,1.6689230769230765,0.17086153846153845,0.29332595870206496,0.4871240770754547,0.8830944985536668,1
VA,10,408,No,No,0,186.1,112,31.64,190.2,66,16.17,282.8,57,12.73,11.4,6,3.08,2,False,670.4999999999999,241,63.620000000000005,0.17001612036539496,1.6616071428571428,0.28250000000000003,0.08501577287066248,2.881818181818182,0.24500000000000002,0.045014144271570015,4.96140350877193,0.22333333333333333,0.09488441461595826,2.782157676348547,0.2639834024896266,0.2775540641312454,0.49732788431310904,0.026771615669586333,0
WI,68,415,No,No,0,148.8,70,25.3,246.5,164,20.95,129.8,103,5.84,12.1,3,3.27,3,False,537.2,340,55.36000000000001,0.1700268817204301,2.125714285714286,0.36142857142857143,0.08498985801217038,1.5030487804878048,0.1277439024390244,0.04499229583975346,1.2601941747572816,0.05669902912621359,0.10305286671630678,1.58,0.16282352941176473,0.27699180938198065,0.4570086705202312,0.018558151736649917,0
MN,74,510,No,Yes,33,193.7,91,32.93,246.1,96,20.92,138.0,92,6.21,14.6,3,3.94,2,False,592.4,282,64.0,0.17000516262261228,2.1285714285714286,0.3618681318681319,0.08500609508329948,2.5635416666666666,0.21791666666666668,0.045,1.5,0.0675,0.10803511141120865,2.100709219858156,0.22695035460992907,0.32697501688048614,0.51453125,0.03797809212479766,0
HI,85,415,No,No,0,235.8,109,40.09,157.2,94,13.36,188.2,99,8.47,12.0,3,3.24,0,False,593.2,305,65.16,0.17001696352841392,2.163302752293578,0.3677981651376147,0.08498727735368956,1.6723404255319148,0.14212765957446807,0.045005313496280556,1.9010101010101008,0.08555555555555557,0.10984490896830747,1.9449180327868854,0.21363934426229508,0.39750505731625085,0.615254757519951,0.043509650709497194,0
MN,46,415,No,No,0,214.1,72,36.4,164.4,104,13.97,177.5,113,7.99,8.2,3,2.21,2,False,564.2,292,60.57,0.170014012143858,2.973611111111111,0.5055555555555555,0.08497566909975669,1.580769230769231,0.1343269230769231,0.04501408450704225,1.5707964601769913,0.07070796460176991,0.10735554767812831,1.932191780821918,0.20743150684931508,0.37947536334633103,0.6009575697540036,0.029375258751798004,0
VT,128,510,No,Yes,29,179.3,104,30.48,225.9,86,19.2,323.0,78,14.54,8.6,7,2.32,0,False,736.8000000000001,275,66.53999999999999,0.16999442275515894,1.7240384615384616,0.29307692307692307,0.0849933598937583,2.6267441860465115,0.22325581395348837,0.04501547987616099,4.141025641025641,0.1864102564102564,0.09030944625407164,2.6792727272727275,0.24196363636363633,0.24334961997828447,0.4580703336339045,0.004602915933918906,0
LA,155,415,No,No,0,203.4,100,34.58,190.9,104,16.23,196.0,119,8.82,8.9,4,2.4,0,True,599.1999999999999,327,62.03,0.17000983284169124,2.0340000000000003,0.3458,0.08501833420639078,1.8355769230769232,0.15605769230769231,0.045,1.6470588235294117,0.07411764705882354,0.10352136181575436,1.8324159021406725,0.1896941896024465,0.33945260347129513,0.5574721908753828,0.02665906042820188,0
MT,73,415,No,No,0,160.1,110,27.22,213.3,72,18.13,174.1,72,7.83,13.0,4,3.51,0,False,560.5,258,56.68999999999999,0.17001873828856964,1.4554545454545453,0.24745454545454545,0.08499765588373183,2.9625000000000004,0.25180555555555556,0.04497415278575532,2.4180555555555556,0.10875,0.10114183764495983,2.1724806201550386,0.2197286821705426,0.2856378233719893,0.48015523019932976,0.03390494724022728,0
ID,77,415,No,No,0,251.8,72,42.81,205.7,126,17.48,275.2,109,12.38,9.8,7,2.65,2,True,742.5,314,75.32000000000001,0.17001588562351072,3.4972222222222222,0.5945833333333334,0.08497812348079728,1.6325396825396825,0.13873015873015873,0.04498546511627907,2.5247706422018346,0.11357798165137616,0.10144107744107746,2.3646496815286624,0.2398726114649682,0.33912457912457916,0.5683749336165693,0.5129834032148284,1
MA,108,415,No,No,0,178.3,137,30.31,189.0,76,16.07,129.1,102,5.81,14.6,5,3.94,0,False,511.0,320,56.129999999999995,0.16999439147504206,1.3014598540145985,0.22124087591240876,0.08502645502645503,2.486842105263158,0.21144736842105263,0.04500387296669248,1.2656862745098039,0.056960784313725484,0.10984344422700586,1.596875,0.17540624999999999,0.3489236790606654,0.539996436843043,0.014280593066286698,0
KY,95,408,No,No,0,135.0,99,22.95,183.6,106,15.61,245.3,102,11.04,12.5,9,3.38,1,False,576.4000000000001,316,52.980000000000004,0.16999999999999998,1.3636363636363635,0.2318181818181818,0.08502178649237473,1.732075471698113,0.14726415094339623,0.04500611496127191,2.4049019607843136,0.10823529411764705,0.09191533657182512,1.8240506329113928,0.16765822784810128,0.2342123525329632,0.43318233295583236,0.02270976112017857,0
MI,36,510,No,Yes,29,281.4,102,47.84,202.2,76,17.19,187.2,113,8.42,9.0,6,2.43,2,False,679.8,297,75.88000000000001,0.17000710732054017,2.7588235294117647,0.4690196078431373,0.08501483679525224,2.6605263157894736,0.2261842105263158,0.04497863247863248,1.6566371681415928,0.07451327433628319,0.11162106501912329,2.2888888888888888,0.25548821548821554,0.4139452780229479,0.6304691618344754,0.05017220010038744,0
CO,141,415,No,Yes,32,148.6,91,25.26,131.1,97,11.14,219.4,142,9.87,10.1,1,2.73,1,False,509.20000000000005,331,49.0,0.16998654104979813,1.632967032967033,0.2775824175824176,0.08497330282227308,1.3515463917525772,0.11484536082474227,0.04498632634457611,1.5450704225352112,0.06950704225352113,0.09622937941869598,1.5383685800604232,0.14803625377643503,0.2918303220738413,0.5155102040816327,0.01613409651643697,0
AZ,63,415,No,No,0,58.9,125,10.01,169.6,59,14.42,211.4,88,9.51,9.4,3,2.54,1,False,449.29999999999995,275,36.48,0.1699490662139219,0.4712,0.08008,0.08502358490566038,2.8745762711864407,0.24440677966101695,0.04498580889309366,2.4022727272727273,0.10806818181818181,0.08119296683730247,1.6338181818181816,0.13265454545454544,0.13109281103939463,0.27439692982456143,0.025249604218827028,0
ID,97,408,No,No,0,239.8,125,40.77,214.8,111,18.26,143.3,81,6.45,8.7,5,2.35,2,False,606.6000000000001,322,67.83,0.17001668056713928,1.9184,0.32616,0.08500931098696463,1.9351351351351351,0.16450450450450452,0.04501046755059316,1.769135802469136,0.07962962962962963,0.11181998021760631,1.8838509316770191,0.21065217391304347,0.3953181668315199,0.6010614772224679,0.03545371524755167,0
CA,75,408,No,No,0,166.3,125,28.27,158.2,86,13.45,256.7,80,11.55,6.1,5,1.65,1,False,587.3000000000001,296,54.919999999999995,0.16999398677089594,1.3304,0.22616,0.08501896333754741,1.83953488372093,0.1563953488372093,0.04499415660303857,3.2087499999999998,0.144375,0.09351268516941935,1.9841216216216218,0.18554054054054053,0.2831602247573642,0.514748725418791,0.02506614924625261,0
WA,127,408,No,No,0,146.7,91,24.94,203.5,78,17.3,203.4,110,9.15,13.7,3,3.7,1,False,567.3000000000001,282,55.09,0.17000681663258352,1.612087912087912,0.2740659340659341,0.08501228501228501,2.608974358974359,0.2217948717948718,0.04498525073746313,1.8490909090909091,0.08318181818181819,0.09710911334390974,2.0117021276595746,0.19535460992907802,0.2585933368588048,0.45271374115084406,0.03165333845308273,0
LA,121,408,No,No,0,181.5,121,30.86,218.4,98,18.56,161.6,103,7.27,8.5,5,2.3,1,False,570.0,327,58.989999999999995,0.17002754820936639,1.5,0.2550413223140496,0.08498168498168497,2.2285714285714286,0.1893877551020408,0.044987623762376236,1.5689320388349515,0.07058252427184465,0.10349122807017543,1.7431192660550459,0.18039755351681955,0.31842105263157894,0.5231395151720631,0.023261870663840275,0
NE,117,415,No,No,0,102.8,119,17.48,206.7,91,17.57,299.0,105,13.46,10.1,7,2.73,1,False,618.6,322,51.239999999999995,0.17003891050583658,0.8638655462184873,0.14689075630252102,0.08500241896468312,2.2714285714285714,0.1930769230769231,0.04501672240802676,2.8476190476190477,0.1281904761904762,0.08283220174587777,1.9211180124223604,0.1591304347826087,0.16618170061429033,0.3411397345823576,0.01986810048821591,0
OH,65,408,No,No,0,187.9,116,31.94,157.6,117,13.4,227.3,86,10.23,7.5,6,2.03,1,False,580.3,325,57.60000000000001,0.16998403406067056,1.6198275862068967,0.27534482758620693,0.0850253807106599,1.3470085470085469,0.11452991452991454,0.04500659920809503,2.6430232558139535,0.11895348837209303,0.0992590039634672,1.7855384615384613,0.17723076923076925,0.3237980354988799,0.5545138888888889,0.02084150616080436,0
MO,6,510,No,No,0,183.6,117,31.21,256.7,72,21.82,178.6,79,8.04,10.2,2,2.75,1,False,629.1,270,63.82,0.16998910675381265,1.5692307692307692,0.26675213675213677,0.08500194779898715,3.5652777777777778,0.3030555555555556,0.04501679731243001,2.260759493670886,0.10177215189873416,0.10144651088857097,2.33,0.23637037037037037,0.2918454935622317,0.48903165151989975,0.01906646741915828,0
AL,32,510,No,No,0,230.9,87,39.25,187.4,90,15.93,154.0,53,6.93,6.3,2,1.7,0,False,578.5999999999999,232,63.81,0.16998700736249459,2.6540229885057474,0.4511494252873563,0.08500533617929562,2.082222222222222,0.177,0.045,2.9056603773584904,0.13075471698113206,0.11028344279294852,2.493965517241379,0.27504310344827587,0.3990667127549258,0.6151073499451496,0.026836229189502223,0
NH,64,408,No,Yes,27,182.1,91,30.96,169.7,98,14.42,164.7,86,7.41,10.6,5,2.86,2,False,527.1,280,55.650000000000006,0.1700164744645799,2.001098901098901,0.3402197802197802,0.08497348261638185,1.7316326530612243,0.14714285714285713,0.044990892531876145,1.9151162790697673,0.08616279069767442,0.10557768924302789,1.8825,0.19875,0.3454752418895845,0.5563342318059299,0.02190344793161179,0
NM,25,415,No,No,0,119.3,87,20.28,211.5,101,17.98,268.9,86,12.1,10.5,4,2.84,3,False,610.2,278,53.2,0.16999161777032692,1.3712643678160918,0.23310344827586207,0.08501182033096927,2.094059405940594,0.178019801980198,0.04499814057270361,3.1267441860465115,0.14069767441860465,0.08718452966240577,2.1949640287769787,0.19136690647482016,0.19550966896099636,0.381203007518797,0.022523340416854033,0
OR,65,415,No,No,0,116.8,87,19.86,178.9,93,15.21,182.4,150,8.21,14.1,2,3.81,1,False,492.20000000000005,332,47.09,0.17003424657534247,1.3425287356321838,0.22827586206896552,0.08501956400223588,1.9236559139784948,0.1635483870967742,0.0450109649122807,1.216,0.05473333333333334,0.09567249085737504,1.482530120481928,0.14183734939759038,0.23730190979276714,0.4217455935442769,0.01803690767678411,0
MI,127,415,No,No,0,202.1,103,34.36,229.4,86,19.5,195.2,113,8.78,11.5,3,3.11,2,False,638.2,305,65.75,0.17001484413656606,1.962135922330097,0.33359223300970875,0.08500435919790758,2.667441860465116,0.22674418604651161,0.044979508196721314,1.727433628318584,0.07769911504424779,0.10302413036665621,2.092459016393443,0.2155737704918033,0.3166718896897524,0.5225855513307984,0.05080462153226984,0
AZ,93,415,No,No,0,271.6,71,46.17,229.4,108,19.5,77.3,121,3.48,10.9,3,2.94,2,False,589.1999999999999,303,72.09,0.1699926362297496,3.8253521126760566,0.6502816901408451,0.08500435919790758,2.1240740740740742,0.18055555555555555,0.04501940491591203,0.6388429752066116,0.028760330578512395,0.12235234215885948,1.9445544554455443,0.23792079207920794,0.4609640190088256,0.6404494382022472,0.1938637900319392,0
TX,208,510,No,No,0,326.5,67,55.51,176.3,113,14.99,181.7,102,8.18,10.7,6,2.89,2,True,695.2,288,81.57000000000001,0.17001531393568145,4.873134328358209,0.8285074626865672,0.08502552467385138,1.5601769911504426,0.13265486725663717,0.04501926252063842,1.7813725490196077,0.08019607843137255,0.1173331415420023,2.413888888888889,0.2832291666666667,0.4696490218642117,0.6805197989456907,0.9577206248373619,1
IN,122,415,No,No,0,243.8,98,41.45,83.9,72,7.13,179.8,84,8.09,13.7,8,3.7,2,False,521.2,262,60.370000000000005,0.17001640689089417,2.4877551020408166,0.4229591836734694,0.08498212157330154,1.1652777777777779,0.09902777777777777,0.0449944382647386,2.1404761904761904,0.0963095238095238,0.11582885648503453,1.9893129770992368,0.2304198473282443,0.4677666922486569,0.6865993042902103,0.011164632896625016,0
LA,99,415,No,No,0,241.1,72,40.99,155.6,98,13.23,188.2,109,8.47,11.6,10,3.13,1,False,596.5,289,65.82,0.17001244296972212,3.348611111111111,0.5693055555555556,0.08502570694087404,1.5877551020408163,0.135,0.045005313496280556,1.7266055045871558,0.07770642201834863,0.1103436714165968,2.06401384083045,0.2277508650519031,0.4041911148365465,0.6227590398055304,0.020538071711941396,0
MS,65,415,No,No,0,136.1,112,23.14,272.9,96,23.2,220.2,104,9.91,4.4,2,1.19,1,False,633.6,314,57.44,0.17002204261572373,1.2151785714285714,0.20660714285714285,0.08501282521069989,2.842708333333333,0.24166666666666667,0.04500454132606722,2.1173076923076923,0.09528846153846154,0.09065656565656564,2.0178343949044586,0.18292993630573248,0.2148042929292929,0.40285515320334264,0.011152594776389621,0
IN,65,415,No,No,0,213.4,111,36.28,234.5,94,19.93,250.1,123,11.25,2.7,4,0.73,1,False,700.7,332,68.19000000000001,0.17000937207122774,1.9225225225225226,0.32684684684684684,0.08498933901918976,2.49468085106383,0.21202127659574468,0.04498200719712115,2.033333333333333,0.09146341463414634,0.09731696874554019,2.110542168674699,0.20539156626506028,0.304552590266876,0.5320428215280832,0.03400129968815596,0
KY,45,415,No,Yes,22,196.6,84,33.42,313.2,92,26.62,163.3,108,7.35,11.9,3,3.21,0,False,684.9999999999999,287,70.6,0.16998982706002036,2.3404761904761906,0.39785714285714285,0.08499361430395914,3.404347826086956,0.2893478260869565,0.045009185548071026,1.512037037037037,0.06805555555555555,0.10306569343065694,2.386759581881533,0.245993031358885,0.287007299270073,0.4733711048158641,0.01677648715328153,0
MN,139,510,No,No,0,134.4,106,22.85,211.3,98,17.96,193.6,125,8.71,10.2,2,2.75,5,True,549.5000000000001,331,52.27,0.17001488095238096,1.267924528301887,0.21556603773584906,0.08499763369616659,2.156122448979592,0.18326530612244898,0.04498966942148761,1.5488,0.06968,0.09512283894449498,1.6601208459214505,0.1579154078549849,0.24458598726114647,0.4371532427778841,0.9474110594812845,1
WY,215,510,No,No,0,83.6,148,14.21,120.9,91,10.28,226.6,110,10.2,10.7,9,2.89,0,False,441.8,358,37.58,0.16997607655502395,0.5648648648648649,0.09601351351351352,0.08502894954507857,1.3285714285714287,0.11296703296703296,0.04501323918799647,2.06,0.09272727272727273,0.08506111362607514,1.2340782122905027,0.10497206703910614,0.1892258940697148,0.3781266631186802,0.010795273105815305,0
AZ,94,408,No,No,0,181.8,85,30.91,202.4,98,17.2,245.9,97,11.07,9.2,2,2.48,4,False,639.3000000000001,282,61.66,0.17002200220022,2.138823529411765,0.36364705882352943,0.08498023715415019,2.0653061224489795,0.17551020408163265,0.045018300122000816,2.5350515463917525,0.11412371134020619,0.09644924135773501,2.2670212765957447,0.21865248226950354,0.28437353355232287,0.5012974375608175,0.05405100715787195,0
NM,119,510,No,Yes,23,154.0,114,26.18,278.0,137,23.63,228.4,112,10.28,11.8,4,3.19,2,False,672.1999999999999,367,63.28,0.16999999999999998,1.3508771929824561,0.22964912280701755,0.08499999999999999,2.0291970802919708,0.1724817518248175,0.04500875656742556,2.039285714285714,0.09178571428571428,0.09413864921154419,1.8316076294277928,0.172425068119891,0.22909848259446597,0.413716814159292,0.019783970605675067,0
MI,86,510,No,Yes,41,119.0,101,20.23,230.0,134,19.55,236.9,58,10.66,9.5,3,2.57,0,False,595.4,296,53.01,0.17,1.1782178217821782,0.2002970297029703,0.085,1.7164179104477613,0.1458955223880597,0.044997889404812155,4.084482758620689,0.18379310344827587,0.08903258313738663,2.0114864864864863,0.17908783783783783,0.19986563654685927,0.3816261082814564,0.024093893408835738,0
FL,106,408,No,Yes,32,165.9,126,28.2,216.5,93,18.4,173.1,86,7.79,14.1,8,3.81,4,False,569.6,313,58.199999999999996,0.16998191681735986,1.3166666666666667,0.2238095238095238,0.08498845265588914,2.327956989247312,0.1978494623655914,0.045002888503755056,2.0127906976744185,0.0905813953488372,0.10217696629213482,1.8198083067092652,0.18594249201277954,0.2912570224719101,0.4845360824742268,0.5022270601226754,1
KS,92,408,Yes,No,0,62.6,111,10.64,180.6,126,15.35,221.7,80,9.98,10.4,2,2.81,1,True,475.29999999999995,319,38.78,0.16996805111821087,0.563963963963964,0.09585585585585586,0.08499446290143965,1.4333333333333333,0.12182539682539682,0.04501578709968426,2.7712499999999998,0.12475,0.08159057437407954,1.4899686520376174,0.12156739811912226,0.1317062907637282,0.2743682310469314,0.9279244606289738,1
SC,78,510,No,No,0,168.3,110,28.61,221.2,73,18.8,241.0,136,10.85,12.5,1,3.38,1,False,643.0,320,61.64,0.16999405822935232,1.53,0.2600909090909091,0.08499095840867993,3.0301369863013696,0.25753424657534246,0.045020746887966805,1.7720588235294117,0.07977941176470588,0.09586314152410576,2.009375,0.192625,0.26174183514774496,0.4641466580142764,0.04846816018725741,0
NC,155,408,No,No,0,262.4,55,44.61,194.6,113,16.54,146.5,85,6.59,8.3,6,2.24,2,False,611.8,259,69.97999999999999,0.17000762195121952,4.7709090909090905,0.8110909090909091,0.08499486125385405,1.7221238938053096,0.14637168141592918,0.04498293515358362,1.723529411764706,0.07752941176470587,0.1143837855508336,2.362162162162162,0.2701930501930502,0.428898332788493,0.6374678479565591,0.14155518624793542,0
MO,64,510,No,Yes,48,94.4,104,16.05,136.2,101,11.58,147.4,89,6.63,4.5,4,1.22,0,False,382.5,298,35.480000000000004,0.17002118644067796,0.9076923076923078,0.15432692307692308,0.08502202643171806,1.3485148514851484,0.11465346534653466,0.044979647218453184,1.6561797752808989,0.07449438202247191,0.09275816993464053,1.2835570469798658,0.11906040268456378,0.24679738562091505,0.4523675310033822,0.01741556338500213,0
WA,83,415,No,No,0,221.4,103,37.64,231.8,103,19.7,122.5,100,5.51,9.8,5,2.65,3,False,585.5,311,65.5,0.17000903342366758,2.1495145631067962,0.3654368932038835,0.08498705780845556,2.250485436893204,0.1912621359223301,0.044979591836734695,1.225,0.055099999999999996,0.11187019641332195,1.882636655948553,0.21061093247588425,0.37813834329632795,0.5746564885496184,0.044846654827967326,0
SD,144,408,No,Yes,48,189.8,96,32.27,123.4,67,10.49,214.2,106,9.64,6.5,2,1.76,2,True,533.9000000000001,271,54.160000000000004,0.17002107481559536,1.9770833333333335,0.33614583333333337,0.08500810372771475,1.8417910447761194,0.1565671641791045,0.045004668534080305,2.020754716981132,0.0909433962264151,0.1014422176437535,1.9701107011070114,0.19985239852398526,0.3554972841356059,0.5958271787296898,0.017790469484047906,0
MT,143,415,No,No,0,172.3,97,29.29,174.0,108,14.79,188.2,119,8.47,13.0,4,3.51,2,False,547.5,328,56.059999999999995,0.16999419616947184,1.7762886597938146,0.30195876288659795,0.08499999999999999,1.6111111111111112,0.13694444444444442,0.045005313496280556,1.5815126050420167,0.0711764705882353,0.10239269406392693,1.6692073170731707,0.17091463414634145,0.314703196347032,0.5224759186585801,0.028676436823702845,0
MN,81,415,No,No,0,198.4,93,33.73,210.9,108,17.93,193.3,71,8.7,10.4,6,2.81,2,False,613.0,278,63.17,0.17001008064516127,2.1333333333333333,0.36268817204301074,0.08501659554291133,1.9527777777777777,0.1660185185185185,0.04500775995861355,2.722535211267606,0.12253521126760562,0.10305057096247962,2.2050359712230216,0.22723021582733813,0.3236541598694943,0.5339559917682444,0.023532291533971142,0
SD,145,408,No,Yes,24,147.5,90,25.08,175.7,108,14.93,252.1,102,11.34,15.6,3,4.21,2,False,590.9,303,55.559999999999995,0.17003389830508472,1.6388888888888888,0.2786666666666667,0.08497438816163916,1.6268518518518518,0.13824074074074075,0.0449821499404998,2.4715686274509805,0.1111764705882353,0.09402606193941444,1.9501650165016502,0.18336633663366336,0.2496192249111525,0.4514038876889849,0.0373917098746418,0
OK,89,510,No,No,0,303.9,95,51.66,260.9,114,22.18,312.1,89,14.04,5.3,3,1.43,1,True,882.1999999999999,301,89.31,0.16999012833168806,3.1989473684210523,0.5437894736842105,0.0850134151015715,2.28859649122807,0.19456140350877194,0.0449855815443768,3.506741573033708,0.15775280898876404,0.10123554749489913,2.930897009966777,0.2967109634551495,0.34447970981636816,0.5784346657709103,0.9918914234013293,1
CT,199,415,No,Yes,34,230.6,121,39.2,219.4,99,18.65,299.3,94,13.47,8.0,2,2.16,0,False,757.3,316,73.48,0.16999132697311364,1.905785123966942,0.3239669421487604,0.08500455788514129,2.216161616161616,0.18838383838383838,0.04500501169395256,3.1840425531914893,0.14329787234042554,0.0970289185263436,2.396518987341772,0.23253164556962028,0.3045028390334082,0.5334784975503538,0.017324976567767207,0
CT,96,415,No,Yes,37,172.7,93,29.36,120.1,116,10.21,216.1,86,9.72,10.3,5,2.78,5,True,519.1999999999999,300,52.07,0.170005790387956,1.856989247311828,0.3156989247311828,0.08501248959200668,1.035344827586207,0.08801724137931036,0.04497917630726516,2.5127906976744185,0.11302325581395349,0.100288906009245,1.7306666666666664,0.17356666666666667,0.3326271186440678,0.5638563472248895,0.953306100769898,1
MN,94,415,No,No,0,181.5,98,30.86,199.9,88,16.99,287.7,114,12.95,6.6,5,1.78,1,False,675.6999999999999,305,62.58,0.17002754820936639,1.8520408163265305,0.31489795918367347,0.08499249624812405,2.271590909090909,0.1930681818181818,0.045012165450121655,2.5236842105263158,0.11359649122807017,0.09261506585762913,2.2154098360655734,0.20518032786885246,0.268610330028119,0.49312879514221797,0.032532274304109224,0
FL,127,415,No,No,0,266.6,106,45.32,264.8,168,22.51,207.2,119,9.32,5.9,2,1.59,1,True,744.5000000000001,395,78.74000000000001,0.16999249812453113,2.5150943396226415,0.42754716981132074,0.08500755287009064,1.5761904761904764,0.13398809523809524,0.044980694980694985,1.741176470588235,0.07831932773109244,0.1057622565480188,1.8848101265822788,0.19934177215189874,0.3580926796507723,0.5755651511303022,0.933957120279217,1
RI,121,408,No,No,0,170.4,108,28.97,350.5,68,29.79,297.0,87,13.37,11.2,3,3.02,0,True,829.1,266,75.14999999999999,0.17001173708920186,1.5777777777777777,0.2682407407407407,0.0849928673323823,5.154411764705882,0.4380882352941176,0.04501683501683502,3.413793103448276,0.15367816091954023,0.09064045350379929,3.1169172932330826,0.28251879699248117,0.20552406223615968,0.3854956753160346,0.33145129346509494,0
IN,122,408,No,No,0,296.4,99,50.39,214.8,89,18.26,133.9,107,6.03,11.4,3,3.08,4,True,656.5,298,77.76,0.1700067476383266,2.9939393939393937,0.508989898989899,0.08500931098696463,2.4134831460674158,0.20516853932584272,0.0450336071695295,1.2514018691588786,0.05635514018691589,0.11844630616907846,2.203020134228188,0.26093959731543626,0.45148514851485144,0.6480195473251028,0.5424206793025872,1
AL,121,408,No,Yes,35,68.7,95,11.68,209.2,69,17.78,197.4,42,8.88,11.4,4,3.08,1,False,486.69999999999993,210,41.42,0.1700145560407569,0.7231578947368421,0.12294736842105262,0.08499043977055451,3.0318840579710145,0.25768115942028985,0.044984802431610946,4.7,0.21142857142857144,0.08510376001643724,2.3176190476190475,0.19723809523809524,0.14115471543045,0.281989377112506,0.012185571807467733,0
OR,77,510,No,No,0,233.8,104,39.75,266.5,94,22.65,212.7,104,9.57,7.6,3,2.05,2,False,720.6,305,74.02,0.17001710863986313,2.248076923076923,0.38221153846153844,0.0849906191369606,2.8351063829787235,0.2409574468085106,0.044992947813822286,2.0451923076923078,0.09201923076923077,0.10271995559256175,2.3626229508196723,0.24268852459016393,0.3244518456841521,0.5370170224263713,0.6729106975189615,1
MS,64,408,Yes,No,0,236.2,77,40.15,218.6,85,18.58,194.1,97,8.73,13.2,2,3.56,2,True,662.1,261,71.02,0.1699830651989839,3.0675324675324673,0.5214285714285715,0.08499542543458372,2.571764705882353,0.21858823529411764,0.04497681607418857,2.0010309278350515,0.09000000000000001,0.10726476363087147,2.5367816091954025,0.2721072796934866,0.35674369430599606,0.5653337088144185,0.8692547748136105,1
CA,124,408,Yes,No,0,244.6,89,41.58,188.8,80,16.05,206.0,114,9.27,11.3,4,3.05,1,False,650.6999999999999,287,69.94999999999999,0.16999182338511856,2.748314606741573,0.467191011235955,0.08501059322033898,2.3600000000000003,0.200625,0.045,1.8070175438596492,0.0813157894736842,0.10749961579837097,2.2672473867595815,0.24372822299651564,0.37590287382818505,0.5944245889921373,0.08960836073019776,0
DE,148,415,No,No,0,124.4,83,21.15,179.7,81,15.27,253.0,99,11.39,11.3,6,3.05,0,False,568.4,269,50.86,0.170016077170418,1.4987951807228916,0.2548192771084337,0.08497495826377295,2.2185185185185183,0.1885185185185185,0.045019762845849805,2.5555555555555554,0.11505050505050506,0.08947923997185081,2.1130111524163566,0.18907063197026022,0.21885995777621395,0.4158474243020055,0.03137741022870033,0
MS,77,408,No,No,0,230.0,87,39.1,103.2,138,8.77,309.6,136,13.93,11.3,3,3.05,2,False,654.0999999999999,364,64.85000000000001,0.17,2.6436781609195403,0.44942528735632187,0.08498062015503875,0.7478260869565218,0.06355072463768116,0.04499354005167958,2.2764705882352945,0.10242647058823529,0.09914386179483262,1.7969780219780218,0.1781593406593407,0.35162819140804163,0.6029298380878951,0.01847812077531475,0
NC,135,415,No,No,0,201.8,81,34.31,225.0,114,19.13,204.4,82,9.2,10.3,6,2.78,1,False,641.5,283,65.42,0.17001982160555004,2.4913580246913583,0.42358024691358026,0.08502222222222222,1.9736842105263157,0.16780701754385963,0.04500978473581213,2.4926829268292683,0.1121951219512195,0.10197973499610288,2.26678445229682,0.2311660777385159,0.3145752143413874,0.5244573524915928,0.026081173888733978,0
SD,87,415,No,Yes,21,214.0,113,36.38,180.0,114,15.3,134.5,82,6.05,10.6,5,2.86,0,False,539.1,314,60.59,0.17,1.8938053097345133,0.3219469026548673,0.085,1.5789473684210527,0.13421052631578947,0.0449814126394052,1.6402439024390243,0.07378048780487804,0.11239102207382674,1.7168789808917198,0.19296178343949047,0.39695789278427007,0.6004291137151345,0.023885235295162826,0
NH,54,510,No,No,0,210.5,102,35.79,204.5,83,17.38,127.8,53,5.75,8.5,5,2.3,1,False,551.3,243,61.22,0.17002375296912114,2.0637254901960786,0.3508823529411765,0.08498777506112469,2.463855421686747,0.20939759036144578,0.04499217527386542,2.4113207547169813,0.10849056603773585,0.11104661708688555,2.2687242798353906,0.25193415637860084,0.38182477779793217,0.5846128716105847,0.022188804493370923,0
MA,35,415,No,No,0,105.6,129,17.95,258.2,129,21.95,213.1,77,9.59,8.7,3,2.35,0,False,585.6,338,51.839999999999996,0.1699810606060606,0.8186046511627907,0.1391472868217054,0.08501161890007745,2.001550387596899,0.17015503875968993,0.045002346316283436,2.7675324675324675,0.12454545454545454,0.08852459016393442,1.7325443786982249,0.15337278106508875,0.180327868852459,0.3462577160493827,0.027153096112691986,0
TX,84,408,No,No,0,138.6,102,23.56,199.0,93,16.92,204.1,137,9.18,7.8,4,2.11,0,False,549.5,336,51.77,0.16998556998557,1.3588235294117645,0.23098039215686272,0.08502512562814071,2.139784946236559,0.18193548387096775,0.04497795198432141,1.4897810218978103,0.06700729927007298,0.09421292083712467,1.6354166666666667,0.15407738095238097,0.2522292993630573,0.45508982035928136,0.031811460987071855,0
OR,94,415,No,No,0,234.4,103,39.85,279.3,109,23.74,234.2,121,10.54,2.0,2,0.54,1,True,749.9000000000001,335,74.67,0.17000853242320818,2.275728155339806,0.3868932038834952,0.08499820981023988,2.5623853211009173,0.21779816513761466,0.04500426985482493,1.9355371900826446,0.08710743801652891,0.09957327643685823,2.2385074626865675,0.2228955223880597,0.3125750100013335,0.533681532074461,0.7093179457158294,1
UT,96,408,No,Yes,26,145.8,108,24.79,192.2,89,16.34,165.1,96,7.43,9.9,2,2.67,1,False,513.0,295,51.23,0.17002743484224964,1.35,0.22953703703703704,0.08501560874089491,2.1595505617977526,0.18359550561797752,0.04500302846759539,1.7197916666666666,0.07739583333333333,0.0998635477582846,1.7389830508474575,0.17366101694915254,0.28421052631578947,0.4838961545969159,0.014531248432269247,0
NV,64,415,No,No,0,97.2,80,16.52,186.2,90,15.83,189.0,92,8.5,10.4,6,2.81,2,False,482.79999999999995,268,43.660000000000004,0.1699588477366255,1.215,0.2065,0.08501611170784104,2.0688888888888886,0.1758888888888889,0.04497354497354497,2.0543478260869565,0.09239130434782608,0.09043082021541013,1.8014925373134327,0.16291044776119404,0.20132560066280036,0.37837837837837834,0.05756234408453416,0
NE,85,415,No,No,0,259.8,85,44.17,242.3,117,20.6,168.8,72,7.6,5.4,1,1.46,0,False,676.3000000000001,275,73.83,0.17001539645881447,3.0564705882352943,0.5196470588235295,0.08501857201815931,2.070940170940171,0.17606837606837608,0.04502369668246445,2.3444444444444446,0.10555555555555556,0.1091675292030164,2.4592727272727277,0.26847272727272725,0.38414904628123614,0.5982662874170391,0.3545218822570934,0
AZ,117,408,No,No,0,239.9,84,40.78,174.8,106,14.86,209.5,93,9.43,9.8,2,2.65,0,False,634.0,285,67.72,0.16998749478949562,2.855952380952381,0.4854761904761905,0.08501144164759725,1.649056603773585,0.14018867924528303,0.04501193317422434,2.252688172043011,0.10139784946236559,0.10681388012618297,2.2245614035087717,0.2376140350877193,0.37839116719242905,0.6021854695806261,0.05765788868761534,0
DC,112,415,No,Yes,16,221.6,110,37.67,130.2,123,11.07,200.0,108,9.0,11.3,3,3.05,1,False,563.0999999999999,344,60.79,0.16999097472924188,2.0145454545454546,0.34245454545454546,0.08502304147465439,1.0585365853658535,0.09,0.045,1.8518518518518519,0.08333333333333333,0.10795595808914937,1.6369186046511626,0.17671511627906977,0.39353578405256623,0.6196742885342984,0.018351272354439632,0
MA,129,510,Yes,No,0,192.9,131,32.79,185.5,101,15.77,205.2,130,9.23,10.9,4,2.94,1,False,594.4999999999999,366,60.730000000000004,0.16998444790046655,1.4725190839694657,0.2503053435114504,0.08501347708894878,1.8366336633663367,0.15613861386138614,0.04498050682261209,1.5784615384615384,0.07100000000000001,0.10215306980656017,1.62431693989071,0.1659289617486339,0.32447434819175786,0.539930841429277,0.03547369678786629,0
AZ,140,408,No,No,0,173.2,91,29.44,196.8,106,16.73,209.3,128,9.42,11.2,5,3.02,3,False,590.5,330,58.61000000000001,0.1699769053117783,1.9032967032967032,0.32351648351648354,0.08501016260162601,1.8566037735849057,0.15783018867924528,0.04500716674629718,1.63515625,0.07359375,0.09925486875529213,1.7893939393939393,0.17760606060606063,0.2933107535986452,0.5023033612011601,0.02692646503764894,0
MI,81,415,No,No,0,153.5,99,26.1,197.6,102,16.8,198.5,86,8.93,6.3,2,1.7,2,False,555.9,289,53.53000000000001,0.1700325732899023,1.5505050505050506,0.26363636363636367,0.08502024291497977,1.9372549019607843,0.16470588235294117,0.04498740554156171,2.308139534883721,0.10383720930232558,0.096294297535528,1.9235294117647057,0.1852249134948097,0.2761288001439108,0.48757705959275166,0.019442625204356086,0
TX,70,510,No,No,0,59.5,103,10.12,257.2,106,21.86,208.3,86,9.37,11.1,6,3.0,0,False,536.1,301,44.349999999999994,0.17008403361344537,0.5776699029126213,0.09825242718446602,0.08499222395023329,2.4264150943396223,0.20622641509433962,0.04498319731156984,2.422093023255814,0.10895348837209301,0.08272710315239692,1.781063122923588,0.14734219269102988,0.11098675620220108,0.228184892897407,0.01976260160730843,0
ID,79,510,No,Yes,21,264.3,79,44.93,202.8,118,17.24,173.4,92,7.8,6.3,3,1.7,4,False,646.8,292,71.67,0.169996216420734,3.3455696202531646,0.5687341772151898,0.08500986193293884,1.7186440677966102,0.14610169491525424,0.04498269896193771,1.8847826086956523,0.08478260869565217,0.11080705009276438,2.2150684931506848,0.24544520547945206,0.4086270871985158,0.626901074368634,0.031955424560951955,0
AL,85,408,No,No,0,127.9,107,21.74,271.2,124,23.05,202.2,76,9.1,12.5,5,3.38,0,False,613.8,312,57.27,0.1699765441751368,1.1953271028037384,0.20317757009345794,0.08499262536873158,2.1870967741935483,0.18588709677419354,0.04500494559841741,2.6605263157894736,0.11973684210526316,0.09330400782013687,1.9673076923076922,0.1835576923076923,0.2083740632127729,0.37960537803387456,0.021493909950345218,0
SD,91,510,No,No,0,149.0,115,25.33,245.3,105,20.85,260.0,94,11.7,8.3,3,2.24,0,False,662.5999999999999,317,60.12,0.16999999999999998,1.2956521739130435,0.22026086956521737,0.08499796167957603,2.336190476190476,0.1985714285714286,0.045,2.765957446808511,0.12446808510638298,0.09073347419257471,2.0902208201892742,0.18965299684542586,0.22487171747660734,0.4213240186294078,0.026898555677781398,0
LA,149,415,No,Yes,20,198.9,77,33.81,274.0,88,23.29,190.7,76,8.58,14.3,9,3.86,1,False,677.8999999999999,250,69.54,0.16998491704374058,2.583116883116883,0.43909090909090914,0.08499999999999999,3.1136363636363638,0.2646590909090909,0.04499213424226534,2.509210526315789,0.11289473684210527,0.10258150169641543,2.7115999999999993,0.27816,0.29340610709544185,0.48619499568593616,0.011741814135772528,0
AZ,60,415,No,No,0,98.2,88,16.69,180.5,69,15.34,223.6,69,10.06,9.3,2,2.51,2,False,511.59999999999997,228,44.6,0.169959266802444,1.115909090909091,0.18965909090909092,0.08498614958448754,2.6159420289855073,0.22231884057971013,0.04499105545617174,3.2405797101449276,0.14579710144927538,0.08717748240813136,2.2438596491228067,0.1956140350877193,0.1919468334636435,0.3742152466367713,0.03236551811583866,0
RI,115,408,No,No,0,147.9,109,25.14,228.4,117,19.41,299.7,90,13.49,9.6,9,2.59,3,False,685.6,325,60.629999999999995,0.16997971602434075,1.3568807339449542,0.2306422018348624,0.08498248686514887,1.952136752136752,0.16589743589743589,0.04501167834501168,3.33,0.1498888888888889,0.08843348891481913,2.109538461538462,0.18655384615384615,0.21572345390898484,0.4146462147451757,0.01438012735593575,0
OH,144,415,No,Yes,18,106.4,109,18.09,108.1,113,9.19,208.4,111,9.38,10.1,5,2.73,1,False,433.0,338,39.39,0.17001879699248118,0.9761467889908257,0.16596330275229357,0.08501387604070305,0.9566371681415928,0.08132743362831858,0.04500959692898273,1.8774774774774776,0.08450450450450452,0.09096997690531178,1.2810650887573964,0.11653846153846154,0.24572748267898384,0.45925361766945927,0.011657203615785107,0
AZ,86,415,No,Yes,32,70.9,163,12.05,166.7,121,14.17,244.9,105,11.02,11.1,5,3.0,3,False,493.6,394,40.239999999999995,0.1699576868829337,0.4349693251533743,0.07392638036809816,0.08500299940011997,1.377685950413223,0.11710743801652893,0.044997958350347075,2.3323809523809524,0.10495238095238095,0.08152350081037275,1.2527918781725889,0.10213197969543146,0.14363857374392222,0.2994532803180915,0.019469958452036872,0
MI,139,415,No,Yes,20,214.6,101,36.48,235.1,132,19.98,162.8,132,7.33,14.8,12,4.0,0,False,627.3,377,67.78999999999999,0.1699906803355079,2.124752475247525,0.3611881188118812,0.08498511271799235,1.781060606060606,0.15136363636363637,0.04502457002457002,1.2333333333333334,0.055530303030303034,0.10806631595727721,1.6639257294429708,0.17981432360742702,0.34210106806950424,0.5381324679156217,0.019697270573846595,0
NV,124,408,No,No,0,151.1,123,25.69,187.4,104,15.93,255.4,93,11.49,5.3,3,1.43,1,False,599.1999999999999,323,54.540000000000006,0.1700198544010589,1.2284552845528456,0.20886178861788618,0.08500533617929562,1.801923076923077,0.1531730769230769,0.044988253719655445,2.746236559139785,0.1235483870967742,0.09102136181575436,1.8551083591331268,0.1688544891640867,0.2521695594125501,0.471030436376971,0.02733789604421039,0
MA,102,510,Yes,No,0,233.8,103,39.75,221.6,131,18.84,146.9,106,6.61,12.8,3,3.46,0,False,615.0999999999999,343,68.66,0.17001710863986313,2.2699029126213595,0.3859223300970874,0.08501805054151625,1.6916030534351145,0.14381679389312976,0.044996596324029955,1.3858490566037736,0.06235849056603774,0.11162412615834824,1.7932944606413992,0.2001749271137026,0.3801007966184361,0.5789397028837752,0.10245500580586671,0
IN,78,415,No,No,0,208.9,119,35.51,252.4,132,21.45,280.2,120,12.61,12.8,7,3.46,0,False,754.3,378,73.02999999999999,0.16998563906175201,1.7554621848739496,0.2984033613445378,0.08498415213946117,1.912121212121212,0.1625,0.045003568879371875,2.335,0.10508333333333333,0.09681824207874849,1.9955026455026454,0.19320105820105818,0.2769455123955986,0.4862385321100918,0.07540875560402817,0
AL,55,415,Yes,No,0,191.9,91,32.62,256.1,110,21.77,203.7,101,9.17,14.3,6,3.86,1,True,666.0,308,67.42,0.16998436685773838,2.108791208791209,0.35846153846153844,0.08500585708707535,2.3281818181818186,0.1979090909090909,0.04501718213058419,2.016831683168317,0.09079207920792079,0.10123123123123123,2.1623376623376624,0.2188961038961039,0.28813813813813816,0.48383269059626216,0.918564429208,1
RI,129,415,No,Yes,33,119.6,104,20.33,278.7,88,23.69,263.4,175,11.85,5.9,2,1.59,2,False,667.5999999999999,369,57.46,0.16998327759197324,1.15,0.1954807692307692,0.08500179404377467,3.1670454545454545,0.2692045454545455,0.04498861047835991,1.5051428571428571,0.06771428571428571,0.08606950269622529,1.8092140921409212,0.1557181571815718,0.17914919113241465,0.3538113470240167,0.00674526915242012,0
ME,75,408,Yes,No,0,211.3,61,35.92,105.6,119,8.98,175.9,63,7.92,9.7,4,2.62,4,True,502.49999999999994,247,55.440000000000005,0.16999526739233317,3.463934426229508,0.5888524590163935,0.0850378787878788,0.8873949579831932,0.07546218487394958,0.0450255827174531,2.7920634920634924,0.12571428571428572,0.11032835820895524,2.0344129554655868,0.2244534412955466,0.420497512437811,0.6479076479076479,0.26390504763391687,0
SD,126,415,No,Yes,23,114.3,102,19.43,190.3,103,16.18,240.4,111,10.82,12.6,7,3.4,3,False,557.6,323,49.83,0.1699912510936133,1.1205882352941177,0.19049019607843137,0.08502364687335785,1.8475728155339808,0.1570873786407767,0.04500831946755408,2.165765765765766,0.09747747747747748,0.0893651362984218,1.7263157894736842,0.15427244582043342,0.20498565279770442,0.3899257475416416,0.0205798602764857,0
MO,92,415,No,No,0,154.0,122,26.18,329.8,88,28.03,288.0,117,12.96,5.6,2,1.51,3,True,777.4,329,68.68,0.16999999999999998,1.2622950819672132,0.21459016393442623,0.08499090357792602,3.747727272727273,0.3185227272727273,0.045000000000000005,2.4615384615384617,0.11076923076923077,0.08834576794443016,2.362917933130699,0.2087537993920973,0.1980962181631078,0.38118811881188114,0.06577293700727684,0
OK,52,408,No,No,0,214.7,68,36.5,158.6,138,13.48,123.4,114,5.55,9.4,4,2.54,2,False,506.0999999999999,324,58.07,0.17000465766185377,3.1573529411764705,0.5367647058823529,0.08499369482976041,1.1492753623188405,0.09768115942028986,0.04497568881685575,1.0824561403508772,0.04868421052631579,0.11474016992689194,1.5620370370370367,0.17922839506172838,0.42422446156885996,0.628551747890477,0.017806748717851404,0
IL,87,510,No,No,0,231.3,105,39.32,171.7,108,14.59,67.7,136,3.05,13.0,6,3.51,1,False,483.7,355,60.46999999999999,0.1699956766104626,2.202857142857143,0.37447619047619046,0.08497379149679675,1.5898148148148148,0.1350925925925926,0.04505169867060561,0.49779411764705883,0.022426470588235294,0.12501550547860243,1.3625352112676057,0.17033802816901406,0.4781889600992351,0.6502397883247892,0.007529842731950335,0
NJ,95,415,No,Yes,22,40.9,126,6.95,133.4,90,11.34,264.2,91,11.89,11.9,7,3.21,0,False,450.4,314,33.39,0.16992665036674817,0.3246031746031746,0.05515873015873016,0.08500749625187407,1.4822222222222223,0.126,0.04500378501135504,2.903296703296703,0.13065934065934068,0.0741341030195382,1.4343949044585986,0.1063375796178344,0.0908081705150977,0.20814615154237795,0.012277291895967163,0
LA,67,510,No,No,0,310.4,97,52.77,66.5,123,5.65,246.5,99,11.09,9.2,10,2.48,4,False,632.6,329,71.99000000000001,0.1700064432989691,3.1999999999999997,0.544020618556701,0.0849624060150376,0.540650406504065,0.0459349593495935,0.04498985801217038,2.48989898989899,0.11202020202020202,0.11380018969332913,1.9227963525835867,0.21881458966565354,0.49067341131836856,0.733018474788165,0.22828381785644444,0
OR,165,415,No,No,0,216.6,126,36.82,190.8,104,16.22,224.7,123,10.11,12.4,8,3.35,0,False,644.4999999999999,361,66.5,0.16999076638965835,1.719047619047619,0.2922222222222222,0.08501048218029349,1.8346153846153848,0.15596153846153846,0.04499332443257677,1.8268292682926828,0.0821951219512195,0.10318076027928628,1.7853185595567864,0.18421052631578946,0.3360744763382468,0.5536842105263158,0.017283664027063966,0
RI,150,415,No,Yes,29,209.9,77,35.68,158.0,52,13.43,141.9,113,6.39,6.6,1,1.78,0,False,516.4,243,57.28,0.16998570747975225,2.725974025974026,0.4633766233766234,0.08499999999999999,3.0384615384615383,0.25826923076923075,0.04503171247357293,1.2557522123893805,0.05654867256637168,0.11092176607281178,2.125102880658436,0.2357201646090535,0.4064678543764524,0.6229050279329609,0.010702959553225205,0
NC,26,415,No,No,0,234.5,109,39.87,216.5,129,18.4,191.6,94,8.62,3.5,6,0.95,3,False,646.1,338,67.84,0.17002132196162045,2.1513761467889907,0.36577981651376146,0.08498845265588914,1.678294573643411,0.14263565891472868,0.044989561586638825,2.0382978723404253,0.09170212765957446,0.1049992261259867,1.9115384615384616,0.20071005917159765,0.3629469122426869,0.5877063679245282,0.028891436580619947,0
MD,79,510,No,Yes,31,103.1,90,17.53,243.0,135,20.66,76.4,92,3.44,12.2,8,3.29,3,False,434.7,325,44.919999999999995,0.1700290979631426,1.1455555555555554,0.1947777777777778,0.08502057613168724,1.8,0.15303703703703703,0.0450261780104712,0.8304347826086957,0.03739130434782609,0.10333563377041637,1.3375384615384616,0.1382153846153846,0.2371750632620198,0.39024933214603746,0.012287048806335637,0
WI,69,510,Yes,No,0,279.8,90,47.57,248.7,91,21.14,171.0,118,7.69,8.4,10,2.27,2,True,707.9,309,78.67,0.17001429592566117,3.108888888888889,0.5285555555555556,0.08500201045436269,2.732967032967033,0.23230769230769233,0.04497076023391813,1.4491525423728813,0.06516949152542373,0.11113151575081227,2.2909385113268605,0.25459546925566345,0.3952535668879786,0.604677767891191,0.9468067950237837,1
VT,95,510,Yes,Yes,41,136.8,91,23.26,200.8,61,17.07,133.7,67,6.02,10.3,9,2.78,5,True,481.6,228,49.129999999999995,0.17002923976608186,1.5032967032967035,0.25560439560439563,0.08500996015936255,3.291803278688525,0.2798360655737705,0.04502617801047121,1.9955223880597013,0.0898507462686567,0.10201411960132889,2.112280701754386,0.21548245614035086,0.28405315614617943,0.473437818033788,0.532525123589958,1
NY,157,415,No,No,0,224.5,111,38.17,200.7,99,17.06,116.6,118,5.25,11.5,2,3.11,2,False,553.3,330,63.59,0.17002227171492207,2.0225225225225225,0.3438738738738739,0.08500249128051819,2.0272727272727273,0.17232323232323232,0.04502572898799314,0.988135593220339,0.04449152542372881,0.1149286101572384,1.6766666666666665,0.1926969696969697,0.4057473341767577,0.6002516118886617,0.0201252139258772,0
VT,80,415,No,No,0,160.6,103,27.3,237.0,109,20.15,245.1,88,11.03,10.7,1,2.89,1,False,653.4000000000001,301,61.370000000000005,0.16998754669987548,1.5592233009708738,0.2650485436893204,0.0850210970464135,2.1743119266055047,0.1848623853211009,0.04500203998368013,2.7852272727272727,0.1253409090909091,0.09392408937863482,2.1707641196013294,0.2038870431893688,0.24579124579124575,0.44484275704741727,0.022596462629615975,0
AZ,75,510,No,Yes,37,121.5,97,20.66,271.4,110,23.07,248.7,97,11.19,11.3,5,3.05,2,False,652.8999999999999,309,57.97,0.1700411522633745,1.2525773195876289,0.2129896907216495,0.08500368459837879,2.4672727272727273,0.20972727272727273,0.04499396863691194,2.5639175257731956,0.11536082474226804,0.08878848215653241,2.1129449838187697,0.1876051779935275,0.18609281666411398,0.3563912368466448,0.015220592965694089,0
WV,44,510,No,No,0,228.1,121,38.78,276.5,79,23.5,279.8,77,12.59,9.9,5,2.67,2,True,794.3000000000001,282,77.54,0.17001315212626042,1.8851239669421487,0.32049586776859507,0.08499095840867993,3.5,0.2974683544303797,0.0449964260185847,3.633766233766234,0.16350649350649352,0.09762054639305048,2.816666666666667,0.2749645390070922,0.2871710940450711,0.5001289656951251,0.9195448269634799,1
OK,101,408,No,No,0,89.7,118,15.25,260.1,79,22.11,170.1,93,7.65,13.5,11,3.65,5,True,533.4,301,48.66,0.17001114827201783,0.7601694915254238,0.1292372881355932,0.08500576701268742,3.2924050632911395,0.27987341772151897,0.04497354497354498,1.829032258064516,0.08225806451612903,0.09122609673790776,1.7720930232558139,0.1616611295681063,0.16816647919010125,0.3133990957665434,0.9130307354800401,1
WI,117,408,No,Yes,14,80.2,81,13.63,219.0,103,18.62,122.6,102,5.52,8.6,2,2.32,1,False,430.4,288,40.089999999999996,0.1699501246882793,0.9901234567901235,0.16827160493827162,0.08502283105022831,2.1262135922330097,0.18077669902912621,0.04502446982055465,1.2019607843137254,0.05411764705882353,0.09314591078066914,1.4944444444444445,0.1392013888888889,0.18633828996282528,0.33998503367423305,0.01967541128940572,0
PA,82,408,No,No,0,125.7,96,21.37,207.6,137,17.65,183.1,103,8.24,12.9,2,3.48,1,False,529.3,338,50.739999999999995,0.1700079554494829,1.309375,0.2226041666666667,0.08501926782273603,1.5153284671532847,0.12883211678832115,0.045002730748225014,1.7776699029126213,0.08,0.09586245985263556,1.5659763313609467,0.15011834319526626,0.23748346873228796,0.42116673236105645,0.028993728888680584,0
NY,39,408,No,No,0,160.4,68,27.27,102.6,103,8.72,235.3,106,10.59,9.1,5,2.46,2,False,507.40000000000003,282,49.04,0.17001246882793017,2.3588235294117648,0.40102941176470586,0.08499025341130606,0.9961165048543689,0.08466019417475729,0.045006374840628985,2.219811320754717,0.09990566037735849,0.09664958612534488,1.799290780141844,0.17390070921985815,0.316121403232164,0.5560766721044046,0.015077581072268179,0
NM,30,415,No,No,0,169.9,144,28.88,225.2,118,19.14,169.7,93,7.64,11.4,7,3.08,1,False,576.1999999999999,362,58.739999999999995,0.16998234255444378,1.1798611111111112,0.20055555555555554,0.0849911190053286,1.9084745762711863,0.16220338983050847,0.045020624631703005,1.824731182795699,0.0821505376344086,0.10194376952447068,1.5917127071823203,0.16226519337016573,0.29486289482818473,0.4916581545795029,0.026156423487513347,0
NC,63,415,No,Yes,29,142.3,107,24.19,118.7,56,10.09,240.1,91,10.8,6.6,8,1.78,1,False,507.70000000000005,262,46.86,0.16999297259311313,1.329906542056075,0.2260747663551402,0.08500421229991575,2.1196428571428574,0.18017857142857144,0.04498125780924615,2.6384615384615384,0.11868131868131869,0.09229860153634036,1.9377862595419848,0.17885496183206107,0.2802836320661808,0.5162185232607768,0.00864922244837794,0
WY,111,415,No,No,0,146.2,55,24.85,261.5,83,22.23,163.2,116,7.34,8.7,3,2.35,3,False,579.6,257,56.77,0.16997264021887828,2.6581818181818178,0.45181818181818184,0.0850095602294455,3.1506024096385543,0.26783132530120485,0.04497549019607843,1.4068965517241379,0.06327586206896552,0.09794685990338164,2.2552529182879377,0.22089494163424125,0.2522429261559696,0.43773119605425403,0.023720995978033163,0
PA,91,510,No,No,0,231.8,120,39.41,150.6,106,12.8,269.2,129,12.11,11.6,7,3.13,3,False,663.1999999999999,362,67.44999999999999,0.17001725625539255,1.9316666666666669,0.32841666666666663,0.08499335989375831,1.420754716981132,0.12075471698113208,0.0449851411589896,2.0868217054263565,0.09387596899224805,0.10170386007237635,1.8320441988950273,0.1863259668508287,0.3495174909529554,0.5842846553002224,0.01921229902446578,0
NV,105,415,Yes,Yes,29,220.7,82,37.52,217.7,110,18.5,190.5,100,8.57,13.2,6,3.56,1,True,642.1,298,68.15,0.17000453103760763,2.6914634146341463,0.4575609756097561,0.08497932935231971,1.979090909090909,0.16818181818181818,0.04498687664041995,1.905,0.0857,0.10613611586980222,2.1546979865771814,0.22869127516778526,0.34371593209780404,0.5505502567865004,0.7835499610738669,1
WA,166,408,Yes,Yes,35,128.2,138,21.79,274.5,113,23.33,298.9,130,13.45,8.8,7,2.38,2,False,710.3999999999999,388,60.949999999999996,0.1699687987519501,0.9289855072463767,0.15789855072463768,0.08499089253187614,2.4292035398230087,0.20646017699115043,0.04499832719973235,2.299230769230769,0.10346153846153845,0.08579673423423424,1.830927835051546,0.15708762886597938,0.18046171171171174,0.3575061525840853,0.014380085927381164,0
FL,79,510,No,No,0,130.2,119,22.13,290.9,121,24.73,194.8,140,8.77,14.0,6,3.78,3,False,629.9,386,59.41,0.16996927803379416,1.0941176470588234,0.18596638655462183,0.08501203162598832,2.4041322314049585,0.2043801652892562,0.045020533880903484,1.3914285714285715,0.06264285714285714,0.0943165581838387,1.631865284974093,0.1539119170984456,0.20669947610731862,0.3724962127587948,0.020372504975594636,0
ME,105,408,No,Yes,33,209.6,68,35.63,146.9,140,12.49,121.0,131,5.44,10.6,3,2.86,2,False,488.1,342,56.42,0.1699904580152672,3.0823529411764703,0.5239705882352942,0.08502382573179033,1.0492857142857144,0.08921428571428572,0.04495867768595042,0.9236641221374046,0.04152671755725191,0.11559106740422044,1.4271929824561405,0.16497076023391813,0.42942020077852894,0.6315136476426799,0.046305426944225424,0
LA,172,415,No,No,0,215.7,140,36.67,146.3,84,12.44,264.6,83,11.91,7.1,1,1.92,3,False,633.7,308,62.94,0.17000463606861382,1.5407142857142857,0.26192857142857146,0.08503075871496923,1.7416666666666667,0.14809523809523809,0.04501133786848072,3.187951807228916,0.14349397590361446,0.09932144547893323,2.0574675324675327,0.20435064935064934,0.34038188417232124,0.582618366698443,0.025651278531499646,0
KS,121,408,No,No,0,150.7,105,25.62,197.3,133,16.77,169.0,116,7.61,9.2,15,2.48,1,False,526.2,369,52.48,0.17000663570006638,1.4352380952380952,0.24400000000000002,0.08499746578813988,1.4834586466165414,0.12609022556390978,0.04502958579881657,1.456896551724138,0.06560344827586208,0.09973394146712275,1.4260162601626019,0.14222222222222222,0.28639300646142146,0.48818597560975613,0.010317453230524971,0
ND,88,415,No,No,0,161.5,92,27.46,173.5,108,14.75,206.2,95,9.28,7.9,4,2.13,2,False,549.1,299,53.620000000000005,0.170030959752322,1.7554347826086956,0.29847826086956525,0.08501440922190202,1.6064814814814814,0.13657407407407407,0.04500484966052376,2.1705263157894734,0.09768421052631578,0.097650701147332,1.836454849498328,0.1793311036789298,0.29411764705882354,0.5121223424095487,0.027873866814775307,0
WV,153,408,No,Yes,28,235.6,74,40.05,227.9,37,19.37,170.3,103,7.66,15.4,9,4.16,0,False,649.1999999999999,223,71.24,0.16999151103565363,3.1837837837837837,0.5412162162162162,0.08499341816586223,6.15945945945946,0.5235135135135135,0.044979448032883146,1.6533980582524272,0.07436893203883495,0.10973505853357979,2.911210762331838,0.31946188340807175,0.3629081947011707,0.5621841661987648,0.031576747813195936,0
AR,54,415,No,Yes,39,206.9,143,35.17,127.8,72,10.86,199.2,120,8.96,9.2,1,2.48,3,False,543.1,336,57.47,0.16998550024166265,1.446853146853147,0.24594405594405597,0.08497652582159625,1.775,0.15083333333333332,0.04497991967871487,1.66,0.07466666666666667,0.1058184496409501,1.6163690476190478,0.17104166666666668,0.3809611489596759,0.6119714633721942,0.026036052540836244,0
CA,79,510,No,No,0,157.6,85,26.79,194.1,92,16.5,231.5,86,10.42,9.4,10,2.54,5,True,592.6,273,56.25,0.16998730964467004,1.8541176470588234,0.3151764705882353,0.08500772797527048,2.109782608695652,0.1793478260869565,0.04501079913606911,2.691860465116279,0.12116279069767442,0.09492068849139386,2.170695970695971,0.20604395604395603,0.26594667566655417,0.47626666666666667,0.12554615446374304,0
MN,55,415,No,No,0,175.6,147,29.85,161.8,118,13.75,289.5,55,13.03,9.3,4,2.51,0,False,636.1999999999999,324,59.14,0.16998861047835992,1.1945578231292517,0.20306122448979594,0.0849814585908529,1.3711864406779661,0.11652542372881355,0.04500863557858376,5.263636363636364,0.2369090909090909,0.09295818924866395,1.9635802469135801,0.18253086419753087,0.2760138321282616,0.5047345282380792,0.038250014285835646,0
MT,109,408,No,No,0,264.7,69,45.0,305.0,120,25.93,197.4,86,8.88,9.5,9,2.57,1,True,776.6,284,82.38,0.17000377786173027,3.836231884057971,0.6521739130434783,0.08501639344262295,2.5416666666666665,0.21608333333333332,0.044984802431610946,2.2953488372093025,0.10325581395348839,0.10607777491630183,2.7345070422535214,0.29007042253521126,0.34084470770023173,0.5462490895848507,0.9889781667643505,1
SD,65,408,No,Yes,31,282.3,70,47.99,152.0,89,12.92,225.5,93,10.15,12.0,4,3.24,1,False,671.8,256,74.3,0.1699964576691463,4.032857142857143,0.6855714285714286,0.085,1.7078651685393258,0.1451685393258427,0.04501108647450111,2.424731182795699,0.10913978494623656,0.11059839237868413,2.62421875,0.290234375,0.42021434950878245,0.6458950201884254,0.029659976537635822,0
MT,27,510,No,No,0,193.8,102,32.95,118.9,104,10.11,135.9,124,6.12,9.2,3,2.48,0,False,457.8,333,51.66,0.17002063983488133,1.9000000000000001,0.32303921568627453,0.08502943650126156,1.143269230769231,0.09721153846153846,0.045033112582781455,1.0959677419354839,0.04935483870967742,0.1128440366972477,1.3747747747747747,0.15513513513513513,0.4233289646133683,0.637824235385211,0.009815115864613758,0
WV,32,408,No,Yes,26,266.7,109,45.34,232.3,107,19.75,212.8,98,9.58,16.3,4,4.4,1,False,728.0999999999999,318,79.07000000000001,0.17000374953130862,2.446788990825688,0.4159633027522936,0.08501937150236763,2.1710280373831776,0.18457943925233644,0.0450187969924812,2.1714285714285717,0.09775510204081633,0.10859772009339379,2.2896226415094336,0.24864779874213838,0.36629583848372477,0.5734159605412925,0.07488981505910405,0
CT,3,415,No,Yes,36,118.1,117,20.08,221.5,125,18.83,103.9,89,4.68,11.9,6,3.21,2,False,455.4,337,46.8,0.17002540220152412,1.0094017094017094,0.1716239316239316,0.08501128668171556,1.772,0.15064,0.04504331087584215,1.1674157303370787,0.052584269662921346,0.10276679841897234,1.3513353115727003,0.13887240356083086,0.2593324549846289,0.42905982905982903,0.019477154273087167,0
DE,119,415,No,No,0,176.8,90,30.06,224.7,81,19.1,204.6,77,9.21,7.5,15,2.03,1,False,613.6,263,60.4,0.17002262443438912,1.9644444444444447,0.33399999999999996,0.08500222518914109,2.774074074074074,0.2358024691358025,0.045014662756598246,2.657142857142857,0.11961038961038963,0.0984354628422425,2.333079847908745,0.22965779467680608,0.288135593220339,0.497682119205298,0.01354870413708297,0
LA,43,415,No,No,0,241.9,101,41.12,129.4,121,11.0,264.8,104,11.92,5.9,3,1.59,1,False,642.0,329,65.63,0.16998759818106654,2.395049504950495,0.4071287128712871,0.08500772797527048,1.069421487603306,0.09090909090909091,0.04501510574018127,2.5461538461538464,0.11461538461538462,0.10222741433021806,1.9513677811550152,0.19948328267477203,0.376791277258567,0.6265427396007923,0.021361247282411108,0
KS,116,510,No,No,0,189.5,90,32.22,189.8,118,16.13,205.8,83,9.26,13.1,2,3.54,1,False,598.2,293,61.14999999999999,0.1700263852242744,2.1055555555555556,0.358,0.08498419388830347,1.6084745762711865,0.13669491525423727,0.04499514091350826,2.4795180722891565,0.11156626506024096,0.10222333667669674,2.041638225255973,0.2087030716723549,0.3167836843864928,0.5269010629599347,0.03643223524576948,0
WV,107,415,No,No,0,123.1,100,20.93,158.4,82,13.46,256.1,82,11.52,9.3,5,2.51,0,False,546.9,269,48.419999999999995,0.17002437043054427,1.2309999999999999,0.20929999999999999,0.08497474747474748,1.931707317073171,0.16414634146341464,0.04498242873877391,3.1231707317073174,0.14048780487804877,0.08853538123971474,2.033085501858736,0.18,0.2250868531724264,0.43225939694341187,0.03402530037818077,0
ND,123,408,No,No,0,159.1,94,27.05,241.6,119,20.54,202.4,120,9.11,6.5,1,1.76,1,False,609.6,334,58.46,0.1700188560653677,1.6925531914893617,0.2877659574468085,0.08501655629139072,2.030252100840336,0.1726050420168067,0.0450098814229249,1.6866666666666668,0.07591666666666666,0.09589895013123359,1.8251497005988024,0.17502994011976047,0.26099081364829396,0.462709544988026,0.009004184439626426,0
AK,110,408,No,No,0,100.1,90,17.02,233.3,93,19.83,204.4,57,9.2,11.1,8,3.0,3,False,548.9,248,49.05,0.17002997002997003,1.1122222222222222,0.18911111111111112,0.08499785683669095,2.5086021505376346,0.21322580645161288,0.04500978473581213,3.585964912280702,0.1614035087719298,0.08936053926033886,2.2133064516129033,0.19778225806451613,0.18236472945891782,0.3469928644240571,0.014885029902465723,0
ME,176,415,No,No,0,223.2,76,37.94,214.4,131,18.22,154.4,80,6.95,10.1,2,2.73,3,False,602.1,289,65.84,0.1699820788530466,2.9368421052631577,0.49921052631578944,0.08498134328358208,1.6366412213740458,0.13908396946564885,0.04501295336787565,1.9300000000000002,0.08687500000000001,0.10935060621159276,2.083391003460208,0.22782006920415226,0.3707025411061285,0.5762454434993924,0.025557592234131628,0
MN,13,510,No,Yes,21,315.6,105,53.65,208.9,71,17.76,260.1,123,11.7,12.1,3,3.27,3,False,796.7,302,86.38,0.16999366286438528,3.005714285714286,0.5109523809523809,0.08501675442795596,2.942253521126761,0.25014084507042256,0.04498269896193771,2.1146341463414635,0.09512195121951218,0.10842224174720722,2.638079470198676,0.28602649006622516,0.396134052968495,0.6210928455661033,0.3131753354788792,0
KS,88,415,No,No,0,189.8,111,32.27,197.3,101,16.77,234.5,111,10.55,14.9,3,4.02,2,False,636.5,326,63.61,0.17002107481559536,1.70990990990991,0.29072072072072075,0.08499746578813988,1.9534653465346536,0.16603960396039605,0.04498933901918977,2.1126126126126126,0.09504504504504505,0.09993715632364493,1.9524539877300613,0.19512269938650306,0.2981932443047918,0.507310171356705,0.04637856651504792,0
NJ,92,510,No,Yes,29,155.4,110,26.42,188.5,104,16.02,254.9,118,11.47,8.0,4,2.16,3,False,606.8,336,56.06999999999999,0.17001287001287002,1.4127272727272728,0.2401818181818182,0.0849867374005305,1.8125,0.15403846153846154,0.04499803844644959,2.1601694915254237,0.09720338983050848,0.0924027686222808,1.8059523809523808,0.16687499999999997,0.25609756097560976,0.4711967183877297,0.030469781607069767,0
WI,165,510,No,No,0,154.2,91,26.21,268.6,108,22.83,188.8,99,8.5,10.9,4,2.94,6,False,622.5,302,60.48,0.16997405966277562,1.6945054945054945,0.28802197802197804,0.08499627699180937,2.4870370370370374,0.21138888888888888,0.045021186440677964,1.9070707070707071,0.08585858585858586,0.0971566265060241,2.0612582781456954,0.20026490066225164,0.24771084337349394,0.43336640211640215,0.1566165998375185,0
AR,156,415,No,No,0,178.8,94,30.4,178.4,97,15.16,169.2,77,7.61,7.5,3,2.03,1,False,533.9000000000001,271,55.2,0.17002237136465323,1.9021276595744683,0.3234042553191489,0.08497757847533632,1.839175257731959,0.15628865979381443,0.04497635933806147,2.1974025974025975,0.09883116883116884,0.10339014796778422,1.9701107011070114,0.20369003690036902,0.33489417493912715,0.5507246376811593,0.03401665810790177,0
WA,63,408,No,No,0,149.3,104,25.38,273.6,75,23.26,206.6,72,9.3,9.1,4,2.46,0,False,638.6,255,60.4,0.16999330207635632,1.435576923076923,0.24403846153846154,0.08501461988304093,3.648,0.31013333333333337,0.045014520813165544,2.8694444444444445,0.12916666666666668,0.09458189790165987,2.504313725490196,0.2368627450980392,0.2337926714688381,0.4201986754966887,0.011805154108499404,0
ID,83,415,Yes,Yes,32,94.7,111,16.1,154.4,98,13.12,200.4,109,9.02,10.6,6,2.86,2,False,460.1,324,41.099999999999994,0.17001055966209083,0.8531531531531532,0.14504504504504506,0.08497409326424869,1.5755102040816327,0.13387755102040816,0.045009980039920156,1.838532110091743,0.08275229357798165,0.08932840686807214,1.4200617283950618,0.12685185185185183,0.2058248206911541,0.391727493917275,0.023068693750276106,0
VA,158,415,No,No,0,222.8,101,37.88,203.0,128,17.26,210.6,106,9.48,6.9,2,1.86,2,False,643.3,337,66.48,0.17001795332136446,2.205940594059406,0.37504950495049505,0.08502463054187193,1.5859375,0.13484375,0.045014245014245016,1.9867924528301886,0.08943396226415094,0.10334214207990053,1.9089020771513352,0.19727002967359053,0.34633918855899276,0.5697954271961492,0.04194642933136639,0
WV,115,510,Yes,No,0,249.9,95,42.48,242.5,104,20.61,151.7,121,6.83,15.3,6,4.13,1,True,659.3999999999999,326,74.05,0.16998799519807922,2.630526315789474,0.4471578947368421,0.08498969072164948,2.331730769230769,0.19817307692307692,0.04502307185234015,1.2537190082644627,0.056446280991735535,0.11229905975128907,2.022699386503067,0.22714723926380367,0.3789808917197453,0.5736664415935179,0.9430177176633887,1
UT,103,510,No,Yes,36,87.2,92,14.82,169.3,110,14.39,166.7,80,7.5,10.9,5,2.94,6,True,434.09999999999997,287,39.65,0.16995412844036697,0.9478260869565218,0.16108695652173913,0.08499704666272888,1.5390909090909093,0.13081818181818183,0.04499100179964007,2.0837499999999998,0.09375,0.09133840129002535,1.5125435540069685,0.1381533101045296,0.20087537433771022,0.3737704918032787,0.9748876288432927,1
NJ,64,415,No,No,0,224.8,111,38.22,190.0,101,16.15,221.4,110,9.96,9.2,2,2.48,1,False,645.4000000000001,324,66.81,0.17001779359430605,2.0252252252252254,0.3443243243243243,0.08499999999999999,1.881188118811881,0.15990099009900988,0.04498644986449865,2.0127272727272727,0.09054545454545455,0.10351719863650448,1.9919753086419756,0.20620370370370372,0.34831112488379296,0.5720700493938032,0.04172890450567908,0
MS,86,510,No,Yes,39,261.2,122,44.4,214.2,101,18.21,154.9,101,6.97,12.7,5,3.43,2,False,643.0,329,73.01,0.16998468606431852,2.140983606557377,0.36393442622950817,0.0850140056022409,2.120792079207921,0.18029702970297032,0.044996772111039376,1.5336633663366337,0.069009900990099,0.11354587869362365,1.9544072948328268,0.2219148936170213,0.4062208398133748,0.6081358717983837,0.02576380865911267,0
ME,151,415,No,Yes,26,196.5,98,33.41,175.8,111,14.94,221.8,124,9.98,13.4,5,3.62,0,False,607.5,338,61.949999999999996,0.17002544529262084,2.0051020408163267,0.34091836734693876,0.08498293515358361,1.5837837837837838,0.13459459459459458,0.044995491433724076,1.788709677419355,0.08048387096774194,0.1019753086419753,1.797337278106509,0.18328402366863905,0.3234567901234568,0.5393058918482647,0.03529017308822235,0
NM,87,510,Yes,No,0,167.3,119,28.44,198.5,119,16.87,133.1,88,5.99,11.0,6,2.97,1,False,509.9,332,54.27,0.169994022713688,1.4058823529411766,0.23899159663865546,0.08498740554156171,1.6680672268907564,0.14176470588235296,0.04500375657400451,1.5125,0.06806818181818182,0.10643263384977447,1.5358433734939758,0.16346385542168676,0.32810354971563055,0.5240464344941956,0.021071102397173923,0
TX,90,415,No,No,0,109.6,88,18.63,137.6,108,11.7,159.7,121,7.19,11.0,5,2.97,2,False,417.9,322,40.489999999999995,0.1699817518248175,1.2454545454545454,0.21170454545454545,0.08502906976744186,1.274074074074074,0.10833333333333332,0.04502191609267377,1.3198347107438015,0.05942148760330579,0.09688920794448432,1.2978260869565217,0.1257453416149068,0.2622636994496291,0.4601136082983453,0.014020906533127705,0
LA,108,510,No,Yes,30,276.6,99,47.02,220.1,113,18.71,177.9,95,8.01,9.8,6,2.65,2,False,684.4,313,76.39000000000001,0.16999276934201013,2.7939393939393944,0.47494949494949495,0.08500681508405271,1.947787610619469,0.16557522123893806,0.04502529510961214,1.8726315789473684,0.0843157894736842,0.11161601402688488,2.186581469648562,0.2440575079872205,0.40414962010520167,0.6155255923550202,0.04481976316129719,0
TN,33,415,No,Yes,35,186.8,124,31.76,261.0,69,22.19,317.8,103,14.3,15.0,5,4.05,0,False,780.6,301,72.3,0.17002141327623127,1.506451612903226,0.25612903225806455,0.0850191570881226,3.782608695652174,0.32159420289855073,0.04499685336689742,3.085436893203884,0.1388349514563107,0.09262106072252113,2.593355481727575,0.24019933554817274,0.23930310017934922,0.43928077455048414,0.015359042968500833,0
WI,149,415,Yes,Yes,28,126.9,97,21.57,166.9,102,14.19,145.2,77,6.53,8.8,3,2.38,5,True,447.8,279,44.67,0.16997635933806146,1.3082474226804124,0.22237113402061856,0.08502097064110245,1.6362745098039215,0.1391176470588235,0.04497245179063361,1.8857142857142857,0.08480519480519481,0.09975435462259938,1.6050179211469535,0.16010752688172045,0.28338543992853954,0.48287441235728673,0.936170402571704,1
MT,106,510,No,No,0,169.4,107,28.8,197.2,71,16.76,202.2,79,9.1,10.7,4,2.89,1,False,579.5,261,57.550000000000004,0.17001180637544275,1.583177570093458,0.2691588785046729,0.0849898580121704,2.777464788732394,0.23605633802816903,0.04500494559841741,2.559493670886076,0.11518987341772151,0.09930974978429681,2.2203065134099615,0.22049808429118775,0.29232096635030197,0.5004344048653344,0.03341737173763761,0
ND,167,408,Yes,No,0,219.1,100,37.25,242.9,90,20.65,168.9,101,7.6,10.1,4,2.73,2,False,641.0,295,68.23,0.17001369237790964,2.191,0.3725,0.08501440922190201,2.698888888888889,0.22944444444444442,0.04499703966844286,1.6722772277227724,0.07524752475247524,0.1064430577223089,2.1728813559322036,0.23128813559322034,0.34180967238689547,0.5459475304118423,0.07435081664822048,0
WI,35,510,No,Yes,27,241.7,87,41.09,142.0,101,12.07,288.9,68,13.0,9.4,4,2.54,1,False,681.9999999999999,260,68.7,0.1700041373603641,2.77816091954023,0.47229885057471266,0.085,1.4059405940594059,0.11950495049504951,0.04499826929733472,4.248529411764705,0.19117647058823528,0.10073313782991204,2.6230769230769226,0.26423076923076927,0.35439882697947217,0.5981077147016012,0.024585320220946824,0
MO,107,415,No,Yes,22,281.1,83,47.79,143.7,130,12.21,239.4,128,10.77,11.2,9,3.02,1,False,675.4000000000001,350,73.78999999999999,0.17001067235859124,3.3867469879518075,0.5757831325301205,0.08496868475991651,1.1053846153846152,0.09392307692307693,0.044987468671679194,1.8703125,0.084140625,0.10925377554042047,1.929714285714286,0.2108285714285714,0.416197808705952,0.6476487328906356,0.03250225917076773,0
AZ,92,415,Yes,Yes,45,281.1,88,47.79,198.0,103,16.83,94.3,76,4.24,7.5,3,2.03,0,False,580.9,270,70.89,0.17001067235859124,3.1943181818181823,0.5430681818181818,0.08499999999999999,1.9223300970873787,0.16339805825242718,0.04496288441145281,1.2407894736842104,0.05578947368421053,0.12203477362713032,2.1514814814814813,0.26255555555555554,0.4839042864520572,0.6741430385103682,0.0634796180566155,0
VT,38,415,No,No,0,137.8,86,23.43,286.3,76,24.34,167.0,77,7.52,14.1,3,3.81,2,False,605.2,242,59.099999999999994,0.17002902757619737,1.602325581395349,0.27244186046511626,0.08501571777855396,3.767105263157895,0.32026315789473686,0.04502994011976048,2.168831168831169,0.09766233766233766,0.09765366820885656,2.5008264462809917,0.24421487603305783,0.22769332452081956,0.39644670050761427,0.012072677531435972,0
VA,68,408,Yes,No,0,148.5,126,25.25,219.4,125,18.65,198.5,121,8.93,14.5,7,3.92,1,True,580.9,379,56.75,0.17003367003367004,1.1785714285714286,0.2003968253968254,0.08500455788514129,1.7552,0.1492,0.04498740554156171,1.640495867768595,0.07380165289256198,0.0976932346359098,1.5327176781002638,0.14973614775725594,0.25563780340850406,0.44493392070484583,0.9182290977724706,1
NE,123,510,No,No,0,194.0,118,32.98,242.0,114,20.57,146.3,108,6.58,12.1,4,3.27,1,False,594.4,344,63.4,0.16999999999999998,1.6440677966101696,0.2794915254237288,0.085,2.1228070175438596,0.18043859649122806,0.04497607655502392,1.3546296296296296,0.060925925925925925,0.1066621803499327,1.727906976744186,0.18430232558139534,0.32637954239569317,0.5201892744479495,0.032871180798506074,0
WA,75,510,No,Yes,41,130.9,115,22.25,203.4,110,17.29,171.7,68,7.73,12.4,4,3.35,1,False,518.4,297,50.62,0.1699770817417876,1.1382608695652174,0.1934782608695652,0.08500491642084562,1.8490909090909091,0.15718181818181817,0.04502038439138032,2.525,0.1136764705882353,0.09764660493827161,1.7454545454545454,0.17043771043771042,0.2525077160493827,0.4395495851442118,0.02782938918356694,0
NM,153,408,No,No,0,185.3,127,31.5,208.0,73,17.68,206.1,124,9.27,15.1,3,4.08,1,False,614.5,327,62.53,0.1699946033459255,1.4590551181102362,0.24803149606299213,0.08499999999999999,2.8493150684931505,0.2421917808219178,0.044978165938864625,1.6620967741935484,0.07475806451612903,0.10175752644426363,1.879204892966361,0.19122324159021406,0.3015459723352319,0.5037581960658883,0.03807566795753935,0
FL,143,415,No,No,0,119.1,117,20.25,287.7,136,24.45,223.0,100,10.04,12.2,4,3.29,0,False,642.0,357,58.03,0.1700251889168766,1.0179487179487179,0.17307692307692307,0.08498435870698645,2.115441176470588,0.17977941176470588,0.045022421524663674,2.23,0.10039999999999999,0.09038940809968847,1.7983193277310925,0.16254901960784315,0.1855140186915888,0.34895743580906424,0.01924613176486589,0
SC,87,408,No,No,0,322.5,106,54.83,204.6,93,17.39,186.2,128,8.38,9.4,4,2.54,2,True,722.6999999999999,331,83.14,0.17001550387596898,3.042452830188679,0.5172641509433962,0.08499511241446726,2.1999999999999997,0.18698924731182795,0.04500537056928035,1.4546875,0.06546875,0.1150408191504082,2.183383685800604,0.251178247734139,0.44624325446243257,0.6594900168390666,0.9821973093024281,1
IN,100,510,No,No,0,216.2,107,36.75,215.6,84,18.33,138.4,127,6.23,10.2,3,2.75,0,False,580.4,321,64.06,0.16998149861239595,2.020560747663551,0.34345794392523366,0.08501855287569572,2.5666666666666664,0.2182142857142857,0.045014450867052025,1.0897637795275592,0.049055118110236225,0.11037215713301173,1.80809968847352,0.1995638629283489,0.37250172294968986,0.5736809241336247,0.02147916488763555,0
FL,144,415,No,Yes,51,283.9,98,48.26,192.0,109,16.32,196.3,85,8.83,10.0,4,2.7,1,False,682.2,296,76.11,0.16998943289890808,2.896938775510204,0.4924489795918367,0.085,1.761467889908257,0.14972477064220183,0.04498217014773306,2.3094117647058825,0.10388235294117647,0.1115655233069481,2.30472972972973,0.2571283783783784,0.4161536206391087,0.6340822493759033,0.044194504934538296,0
ND,70,415,No,Yes,31,125.9,101,21.4,196.4,102,16.69,252.7,75,11.37,10.3,4,2.78,1,False,585.3,282,52.24,0.1699761715647339,1.2465346534653465,0.21188118811881188,0.084979633401222,1.9254901960784314,0.16362745098039216,0.04499406410763752,3.369333333333333,0.15159999999999998,0.08925337433794636,2.0755319148936167,0.18524822695035462,0.21510336579531866,0.4096477794793261,0.023983196334602747,0
MA,136,408,Yes,No,0,199.6,89,33.93,211.4,96,17.97,72.4,84,3.26,11.0,4,2.97,3,True,494.4,273,58.129999999999995,0.16998997995991985,2.242696629213483,0.3812359550561798,0.08500473036896877,2.2020833333333334,0.18718749999999998,0.04502762430939226,0.861904761904762,0.03880952380952381,0.11757686084142395,1.810989010989011,0.2129304029304029,0.40372168284789645,0.5836917254429727,0.018051133641467817,0
MO,120,415,No,Yes,24,212.7,73,36.16,257.5,103,21.89,227.8,119,10.25,9.7,13,2.62,2,False,707.7,308,70.92,0.1700047014574518,2.9136986301369863,0.4953424657534246,0.08500970873786408,2.5,0.2125242718446602,0.04499561018437225,1.9142857142857144,0.0861344537815126,0.10021195421788893,2.297727272727273,0.23025974025974028,0.3005510809665112,0.5098702763677382,0.00958352214782218,0
WY,104,408,No,No,0,183.6,133,31.21,120.7,98,10.26,215.1,112,9.68,12.7,2,3.43,1,False,532.1,345,54.58,0.16998910675381265,1.3804511278195488,0.23466165413533835,0.08500414250207125,1.2316326530612245,0.1046938775510204,0.04500232450023245,1.9205357142857142,0.08642857142857142,0.10257470400300694,1.5423188405797101,0.15820289855072464,0.3450479233226837,0.5718211799193844,0.012988281320417214,0
CA,75,510,No,Yes,38,163.6,132,27.81,146.7,113,12.47,345.8,115,15.56,13.1,3,3.54,3,False,669.1999999999999,363,59.38,0.1699877750611247,1.2393939393939393,0.21068181818181816,0.08500340831629176,1.298230088495575,0.11035398230088496,0.04499710815500289,3.0069565217391307,0.13530434782608697,0.08873281530185297,1.843526170798898,0.16358126721763086,0.24447101016138675,0.46833950825193665,0.01966933451033786,0
NE,127,510,Yes,No,0,180.9,114,30.75,209.5,118,17.81,249.9,105,11.25,7.4,4,2.0,2,False,647.6999999999999,341,61.81,0.16998341625207297,1.586842105263158,0.26973684210526316,0.08501193317422434,1.7754237288135593,0.1509322033898305,0.04501800720288115,2.38,0.10714285714285714,0.0954299830168288,1.8994134897360702,0.1812609970674487,0.27929597035664666,0.4974923151593593,0.04761231728038716,0
ID,122,510,No,Yes,33,270.8,96,46.04,220.4,110,18.73,169.9,104,7.65,11.8,8,3.19,4,False,672.9,318,75.61,0.17001477104874446,2.8208333333333333,0.4795833333333333,0.08498185117967332,2.003636363636364,0.17027272727272727,0.045026486168334316,1.6336538461538461,0.07355769230769231,0.11236439292614059,2.1160377358490567,0.23776729559748427,0.402437212067172,0.6089141647930167,0.05396788990510913,0
VT,124,415,No,No,0,178.4,72,30.33,233.6,134,19.86,179.4,91,8.07,12.0,2,3.24,0,False,603.4,299,61.5,0.17001121076233183,2.477777777777778,0.42124999999999996,0.08501712328767123,1.7432835820895523,0.14820895522388058,0.04498327759197324,1.9714285714285715,0.08868131868131869,0.10192243950944647,2.0180602006688964,0.205685618729097,0.29565793834935367,0.49317073170731707,0.030019929224768472,0
MO,167,415,Yes,No,0,244.8,91,41.62,60.8,105,5.17,176.7,110,7.95,10.7,3,2.89,2,False,493.0,309,57.63,0.17001633986928102,2.6901098901098903,0.4573626373626373,0.08503289473684211,0.579047619047619,0.04923809523809524,0.04499151103565365,1.6063636363636362,0.07227272727272728,0.11689655172413793,1.5954692556634305,0.18650485436893205,0.4965517241379311,0.7221933020996009,0.026217559878548617,0
VA,89,415,No,Yes,32,209.9,113,35.68,249.8,104,21.23,224.2,92,10.09,8.7,7,2.35,1,False,692.6000000000001,316,69.35,0.16998570747975225,1.8575221238938053,0.3157522123893805,0.08498799039231385,2.401923076923077,0.2041346153846154,0.045004460303300624,2.4369565217391305,0.10967391304347826,0.10012994513427662,2.1917721518987348,0.21946202531645567,0.30306092982962746,0.5144917087238645,0.014804128563493753,0
VT,73,408,No,No,0,213.0,95,36.21,188.8,104,16.05,136.2,89,6.13,13.5,3,3.65,0,False,551.5,291,62.040000000000006,0.17,2.2421052631578946,0.38115789473684214,0.08501059322033898,1.8153846153846156,0.15432692307692308,0.045007342143906025,1.5303370786516852,0.06887640449438202,0.11249320036264733,1.895189003436426,0.21319587628865982,0.386219401631913,0.5836557059961315,0.023370346690884253,0
MS,1,415,No,No,0,144.8,107,24.62,112.5,66,9.56,218.7,79,9.84,13.8,3,3.73,1,False,489.8,255,47.74999999999999,0.17002762430939225,1.3532710280373832,0.23009345794392524,0.08497777777777778,1.7045454545454546,0.14484848484848487,0.044993141289437585,2.7683544303797465,0.12455696202531645,0.09748877092690893,1.9207843137254903,0.1872549019607843,0.29563086974275216,0.5156020942408378,0.025754373677403627,0
KY,60,408,No,No,0,135.4,134,23.02,205.9,85,17.5,204.0,103,9.18,7.9,4,2.13,1,False,553.1999999999999,326,51.83,0.17001477104874446,1.01044776119403,0.1717910447761194,0.08499271491015056,2.4223529411764706,0.20588235294117646,0.045,1.9805825242718447,0.08912621359223301,0.09369125090383226,1.696932515337423,0.1589877300613497,0.24475777295733916,0.4441443179625699,0.03139547382778729,0
WV,77,510,No,No,0,67.7,68,11.51,195.7,86,16.63,236.5,137,10.64,12.0,2,3.24,1,False,511.9,293,42.02,0.17001477104874446,0.9955882352941177,0.16926470588235293,0.08497700562084824,2.275581395348837,0.1933720930232558,0.04498942917547569,1.7262773722627738,0.07766423357664234,0.08208634498925572,1.7470989761092148,0.14341296928327646,0.13225239304551673,0.27391718229414563,0.032438298583983886,0
DC,76,415,No,No,0,224.4,121,38.15,147.9,97,12.57,183.8,74,8.27,6.7,2,1.81,2,False,562.8000000000001,294,60.8,0.17000891265597146,1.8545454545454545,0.3152892561983471,0.08498985801217038,1.5247422680412372,0.12958762886597938,0.04499455930359086,2.483783783783784,0.11175675675675675,0.10803127221037667,1.9142857142857146,0.20680272108843537,0.3987206823027718,0.6274671052631579,0.03665551199031243,0
IA,63,510,No,No,0,153.5,81,26.1,287.3,115,24.42,230.2,85,10.36,6.5,5,1.76,2,False,677.5,286,62.64,0.1700325732899023,1.8950617283950617,0.32222222222222224,0.08499825965889314,2.4982608695652173,0.21234782608695654,0.04500434404865335,2.708235294117647,0.12188235294117647,0.09245756457564576,2.3688811188811187,0.21902097902097903,0.22656826568265684,0.4166666666666667,0.014643175431621816,0
MN,150,415,No,Yes,28,174.4,75,29.65,169.9,80,14.44,201.6,130,9.07,11.0,4,2.97,1,False,556.9,289,56.129999999999995,0.17001146788990823,2.3253333333333335,0.3953333333333333,0.08499117127722189,2.1237500000000002,0.1805,0.044990079365079365,1.5507692307692307,0.06976923076923078,0.10079008798707129,1.9269896193771625,0.19422145328719723,0.31316214760280126,0.5282380188847319,0.02936198537401544,0
VT,101,415,No,No,0,153.8,89,26.15,234.0,89,19.89,196.3,77,8.83,11.6,2,3.13,4,False,595.7,257,58.0,0.17002600780234067,1.7280898876404496,0.29382022471910113,0.085,2.6292134831460676,0.22348314606741573,0.04498217014773306,2.5493506493506497,0.11467532467532468,0.09736444519053214,2.317898832684825,0.22568093385214008,0.2581836494879973,0.4508620689655172,0.07675050745229585,0
AK,132,415,No,Yes,39,175.7,93,29.87,187.2,94,15.91,225.5,118,10.15,8.6,3,2.32,2,False,597.0,308,58.25,0.17000569151963577,1.889247311827957,0.3211827956989247,0.08498931623931624,1.9914893617021276,0.16925531914893618,0.04501108647450111,1.9110169491525424,0.08601694915254238,0.09757118927973199,1.9383116883116882,0.1891233766233766,0.29430485762144054,0.5127896995708154,0.0410624261491317,0
CA,158,510,No,No,0,155.9,123,26.5,224.2,112,19.06,221.0,116,9.95,8.6,8,2.32,2,False,609.7,359,57.830000000000005,0.16998075689544578,1.267479674796748,0.21544715447154472,0.08501338090990188,2.001785714285714,0.17017857142857143,0.04502262443438914,1.9051724137931034,0.08577586206896551,0.09484992619320978,1.6983286908077995,0.16108635097493038,0.25569952435624077,0.45823966799239146,0.019539202917637267,0
MS,114,415,No,Yes,34,154.4,109,26.25,221.4,142,18.82,208.5,103,9.38,10.3,5,2.78,0,False,594.5999999999999,359,57.230000000000004,0.17001295336787564,1.41651376146789,0.2408256880733945,0.08500451671183379,1.559154929577465,0.13253521126760565,0.04498800959232614,2.0242718446601944,0.09106796116504855,0.09624957954927685,1.656267409470752,0.1594150417827298,0.25967036663303067,0.4586755198322558,0.036775947397257196,0
AR,77,415,No,Yes,23,209.7,73,35.65,183.6,63,15.61,205.5,111,9.25,7.1,3,1.92,2,False,605.9,250,62.43,0.17000476871721507,2.872602739726027,0.4883561643835616,0.08502178649237473,2.914285714285714,0.24777777777777776,0.045012165450121655,1.8513513513513513,0.08333333333333333,0.10303680475325962,2.4236,0.24972,0.34609671562964184,0.5710395643120294,0.019118872896914066,0
NJ,107,415,No,No,0,212.1,95,36.06,150.1,88,12.76,219.8,111,9.89,7.7,2,2.08,3,False,589.7,296,60.79,0.17001414427157002,2.2326315789473683,0.37957894736842107,0.08500999333777481,1.705681818181818,0.145,0.04499545040946315,1.9801801801801804,0.0890990990990991,0.10308631507546209,1.9922297297297298,0.20537162162162162,0.3596744107173139,0.5931896693535121,0.03647821696279307,0
NJ,48,510,No,Yes,22,152.0,63,25.84,258.8,131,22.0,263.2,109,11.84,15.7,5,4.24,2,True,689.7,308,63.92000000000001,0.17,2.4126984126984126,0.41015873015873017,0.08500772797527048,1.9755725190839695,0.16793893129770993,0.044984802431610946,2.4146788990825687,0.10862385321100917,0.09267797593156446,2.2392857142857143,0.20753246753246757,0.22038567493112945,0.4042553191489361,0.014845275082687874,0
TN,59,415,No,No,0,160.9,95,27.35,251.2,65,21.35,273.4,97,12.3,5.0,5,1.35,3,False,690.5,262,62.35,0.16998135487880672,1.693684210526316,0.28789473684210526,0.08499203821656053,3.8646153846153846,0.32846153846153847,0.04498902706656913,2.8185567010309276,0.1268041237113402,0.09029688631426502,2.635496183206107,0.23797709923664123,0.2330195510499638,0.43865276663993585,0.019129398709588057,0
DE,129,510,No,No,0,334.3,118,56.83,192.1,104,16.33,191.0,83,8.59,10.4,6,2.81,0,True,727.8,311,84.56,0.16999700867484294,2.8330508474576273,0.4816101694915254,0.08500780843310775,1.8471153846153845,0.15701923076923074,0.044973821989528796,2.3012048192771086,0.10349397590361446,0.11618576532014291,2.340192926045016,0.27189710610932477,0.4593294861225612,0.6720671712393567,0.989263532977262,1
TX,50,510,No,No,0,188.9,94,32.11,203.9,104,17.33,151.8,124,6.83,11.6,8,3.13,3,False,556.2,330,59.4,0.16998411858125992,2.0095744680851064,0.3415957446808511,0.08499264345267286,1.9605769230769232,0.16663461538461538,0.04499341238471673,1.224193548387097,0.055080645161290326,0.10679611650485436,1.6854545454545455,0.18,0.33962603380079104,0.5405723905723906,0.013113679129214796,0
MI,50,415,No,Yes,35,192.6,97,32.74,135.2,101,11.49,216.2,101,9.73,7.9,2,2.13,2,False,551.9,301,56.09000000000001,0.1699896157840083,1.9855670103092784,0.3375257731958763,0.08498520710059172,1.3386138613861385,0.11376237623762377,0.04500462534690102,2.1405940594059403,0.09633663366336634,0.10163073020474726,1.8335548172757474,0.18634551495016616,0.3489762638159087,0.5837047602068104,0.025242567013400927,0
MS,116,415,No,No,0,217.3,91,36.94,216.1,95,18.37,148.1,76,6.66,11.3,3,3.05,2,False,592.8,265,65.02,0.1699953980671882,2.387912087912088,0.4059340659340659,0.08500694123091163,2.274736842105263,0.19336842105263158,0.0449696151249156,1.9486842105263158,0.08763157894736842,0.10968286099865047,2.2369811320754716,0.24535849056603773,0.36656545209176794,0.5681328821900954,0.042550449611975454,0
OK,52,510,No,Yes,38,169.3,88,28.78,225.9,97,19.2,172.0,86,7.74,8.2,3,2.21,0,False,575.4000000000001,274,57.93000000000001,0.16999409332545776,1.9238636363636366,0.3270454545454546,0.0849933598937583,2.3288659793814435,0.1979381443298969,0.045,2.0,0.09,0.10067778936392074,2.1000000000000005,0.2114233576642336,0.29423010079944384,0.49680649059209386,0.037114902407176346,0
ND,12,510,Yes,No,0,216.7,117,36.84,116.5,126,9.9,220.0,110,9.9,9.8,4,2.65,2,False,563.0,357,59.29,0.17000461467466546,1.852136752136752,0.3148717948717949,0.0849785407725322,0.9246031746031746,0.07857142857142857,0.045,2.0,0.09,0.10531083481349911,1.57703081232493,0.16607843137254902,0.38490230905861456,0.6213526733007253,0.017062307210786578,0
ND,105,510,No,No,0,246.4,83,41.89,256.2,101,21.78,169.0,151,7.61,3.8,4,1.03,0,False,675.4,339,72.31,0.17000811688311687,2.968674698795181,0.5046987951807229,0.08501170960187354,2.5366336633663367,0.21564356435643567,0.04502958579881657,1.119205298013245,0.050397350993377485,0.10706248149244893,1.992330383480826,0.2133038348082596,0.36482084690553745,0.5793112985755774,0.28899168462591374,0
NY,104,415,No,No,0,156.2,93,26.55,193.0,54,16.41,222.7,94,10.02,13.1,5,3.54,1,False,585.0,246,56.52,0.16997439180537774,1.6795698924731182,0.28548387096774197,0.08502590673575129,3.574074074074074,0.3038888888888889,0.044993264481365064,2.3691489361702125,0.10659574468085106,0.09661538461538462,2.3780487804878048,0.22975609756097562,0.267008547008547,0.4697452229299363,0.03214355439367619,0
WV,13,415,No,No,0,146.4,74,24.89,148.5,92,12.62,216.7,96,9.75,11.3,3,3.05,1,False,522.9,265,50.309999999999995,0.17001366120218578,1.9783783783783784,0.33635135135135136,0.08498316498316498,1.6141304347826086,0.13717391304347826,0.044993077988001846,2.2572916666666667,0.1015625,0.09621342512908777,1.9732075471698112,0.18984905660377357,0.2799770510613884,0.49473265752335527,0.034478753492587076,0
WV,67,408,No,No,0,167.8,91,28.53,167.7,69,14.25,110.3,71,4.96,8.4,12,2.27,1,False,454.2,243,50.010000000000005,0.1700238379022646,1.843956043956044,0.31351648351648354,0.08497316636851521,2.4304347826086956,0.20652173913043478,0.04496826835902085,1.5535211267605633,0.06985915492957746,0.11010568031704096,1.8691358024691358,0.2058024691358025,0.3694407749889917,0.5704859028194361,0.019598403147776448,0
DC,148,415,No,Yes,11,252.9,129,42.99,284.3,88,24.17,262.8,99,11.83,12.3,1,3.32,1,False,812.3,317,82.30999999999999,0.16998813760379597,1.9604651162790698,0.3332558139534884,0.08501582835033415,3.2306818181818184,0.2746590909090909,0.04501522070015221,2.6545454545454548,0.1194949494949495,0.10132955804505724,2.5624605678233436,0.2596529968454258,0.31133817555090487,0.5222937674644638,0.37098687027688504,0
MN,116,510,No,No,0,201.8,82,34.31,231.5,95,19.68,226.1,130,10.17,16.5,5,4.46,0,False,675.9,312,68.61999999999999,0.17001982160555004,2.4609756097560975,0.4184146341463415,0.08501079913606911,2.4368421052631577,0.2071578947368421,0.04498009730207873,1.7392307692307691,0.07823076923076923,0.10152389406716969,2.166346153846154,0.2199358974358974,0.298564876461015,0.5000000000000001,0.06614276144563033,0
DE,131,408,No,No,0,94.4,80,16.05,215.1,101,18.28,179.7,108,8.09,13.1,9,3.54,2,False,502.3,298,45.96,0.17002118644067796,1.1800000000000002,0.200625,0.08498372849837285,2.12970297029703,0.180990099009901,0.04501947690595437,1.6638888888888888,0.07490740740740741,0.0914991041210432,1.6855704697986578,0.15422818791946308,0.1879354967151105,0.3492167101827676,0.014737405019915398,0
VT,119,510,No,No,0,190.4,74,32.37,215.6,113,18.33,161.2,111,7.25,10.0,1,2.7,2,False,577.2,299,60.65,0.17001050420168065,2.572972972972973,0.4374324324324324,0.08501855287569572,1.9079646017699115,0.16221238938053095,0.04497518610421836,1.452252252252252,0.06531531531531531,0.10507623007623007,1.9304347826086958,0.2028428093645485,0.32986832986832987,0.5337180544105523,0.035073224188329664,0
NY,94,510,Yes,No,0,243.2,109,41.34,147.0,88,12.5,94.9,99,4.27,7.2,4,1.94,4,False,492.3,300,60.05,0.16998355263157897,2.2311926605504584,0.3792660550458716,0.08503401360544217,1.6704545454545454,0.14204545454545456,0.044994731296101154,0.9585858585858587,0.043131313131313125,0.12197846841356895,1.641,0.20016666666666666,0.4940077188706073,0.6884263114071608,0.31175066279364394,0
TX,217,408,No,No,0,176.4,115,29.99,158.8,128,13.5,306.6,107,13.8,9.3,3,2.51,4,False,651.1,353,59.79999999999999,0.17001133786848072,1.5339130434782609,0.2607826086956522,0.08501259445843828,1.240625,0.10546875,0.04500978473581213,2.8654205607476637,0.12897196261682245,0.09184457072646289,1.8444759206798869,0.16940509915014162,0.27092612501919827,0.5015050167224081,0.3829024699084354,0
OR,161,415,No,No,0,178.1,109,30.28,146.5,86,12.45,137.6,78,6.19,8.5,2,2.3,1,False,470.70000000000005,275,51.22,0.17001684446939921,1.6339449541284403,0.2777981651376147,0.08498293515358361,1.7034883720930232,0.1447674418604651,0.04498546511627907,1.764102564102564,0.07935897435897436,0.1088166560441895,1.7116363636363638,0.18625454545454545,0.37837263649883146,0.5911753221397892,0.019722105671178287,0
KS,67,408,No,No,0,201.4,101,34.24,97.6,122,8.3,202.5,119,9.11,7.0,3,1.89,0,False,508.5,345,53.540000000000006,0.17000993048659385,1.994059405940594,0.33900990099009903,0.08504098360655739,0.7999999999999999,0.0680327868852459,0.04498765432098765,1.7016806722689075,0.07655462184873948,0.10529006882989185,1.4739130434782608,0.15518840579710147,0.3960668633235005,0.6395218528203213,0.010720311638511934,0
ND,132,415,No,Yes,31,174.5,101,29.67,245.6,105,20.88,172.8,76,7.78,10.3,9,2.78,1,False,603.2,291,61.11,0.17002865329512895,1.7277227722772277,0.2937623762376238,0.08501628664495114,2.339047619047619,0.19885714285714284,0.045023148148148145,2.2736842105263158,0.10236842105263158,0.10130968169761273,2.072852233676976,0.21,0.28929045092838196,0.4855179185076093,0.020853106913850696,0
PA,134,408,No,No,0,205.3,122,34.9,240.5,155,20.44,179.1,107,8.06,5.0,9,1.35,1,False,629.9,393,64.75,0.16999512907939598,1.6827868852459018,0.2860655737704918,0.08498960498960499,1.5516129032258064,0.1318709677419355,0.04500279173646008,1.6738317757009344,0.07532710280373832,0.10279409430068265,1.602798982188295,0.16475826972010177,0.3259247499603112,0.538996138996139,0.00629598474923612,0
NY,44,510,No,No,0,143.2,77,24.34,169.8,114,14.43,215.8,77,9.71,7.6,4,2.05,1,False,536.4,272,50.529999999999994,0.16997206703910617,1.8597402597402597,0.3161038961038961,0.08498233215547703,1.4894736842105265,0.12657894736842104,0.04499536607970343,2.8025974025974025,0.1261038961038961,0.09420208799403429,1.9720588235294116,0.1857720588235294,0.2669649515287099,0.48169404314268754,0.03242466115916133,0
WY,53,415,No,Yes,27,25.9,119,4.4,206.5,96,17.55,228.1,64,10.26,6.5,7,1.76,1,False,467.0,286,33.97,0.1698841698841699,0.2176470588235294,0.03697478991596639,0.08498789346246974,2.1510416666666665,0.18281250000000002,0.04498027181060938,3.5640625,0.1603125,0.07274089935760171,1.632867132867133,0.11877622377622377,0.05546038543897216,0.12952605239917575,0.016006566377800558,0
NY,108,415,No,No,0,154.2,123,26.21,112.3,86,9.55,246.4,75,11.09,15.4,4,4.16,4,True,528.3,288,51.010000000000005,0.16997405966277562,1.2536585365853659,0.21308943089430896,0.08504007123775602,1.3058139534883721,0.11104651162790699,0.04500811688311688,3.2853333333333334,0.14786666666666667,0.09655498769638465,1.8343749999999999,0.17711805555555557,0.2918796138557638,0.5138208194471672,0.9322925643294938,1
ME,80,408,No,No,0,322.3,113,54.79,222.0,95,18.87,162.8,123,7.33,6.7,8,1.81,0,True,713.8,339,82.8,0.16999689730065157,2.852212389380531,0.4848672566371681,0.085,2.336842105263158,0.19863157894736844,0.04502457002457002,1.3235772357723579,0.05959349593495935,0.11599887923788177,2.1056047197640115,0.24424778761061947,0.4515270383861026,0.6617149758454106,0.9609302037604531,1
SD,88,415,No,No,0,215.6,115,36.65,216.2,85,18.38,171.3,65,7.71,11.8,1,3.19,3,False,614.8999999999999,266,65.93,0.16999072356215214,1.874782608695652,0.31869565217391305,0.08501387604070305,2.543529411764706,0.21623529411764705,0.04500875656742557,2.6353846153846154,0.11861538461538461,0.10722068629045377,2.3116541353383453,0.2478571428571429,0.3506261180679786,0.5558926133778249,0.02833915875077356,0
UT,82,510,Yes,No,0,208.8,101,35.5,213.7,87,18.16,175.1,86,7.88,12.4,6,3.35,3,False,610.0,280,64.89,0.1700191570881226,2.0673267326732674,0.35148514851485146,0.08497894244267666,2.4563218390804598,0.20873563218390806,0.045002855511136496,2.036046511627907,0.09162790697674418,0.10637704918032787,2.1785714285714284,0.23175,0.34229508196721314,0.5470796732932656,0.029505814059192555,0
AK,115,415,No,No,0,245.2,105,41.68,159.0,109,13.52,229.9,74,10.35,7.2,8,1.94,0,False,641.3000000000001,296,67.49,0.1699836867862969,2.335238095238095,0.39695238095238095,0.0850314465408805,1.4587155963302751,0.12403669724770641,0.04501957372770769,3.1067567567567567,0.13986486486486485,0.10523935755496645,2.166554054054054,0.22800675675675675,0.38234835490410096,0.6175729737738924,0.025588074407236677,0
RI,93,415,No,No,0,98.4,78,16.73,249.6,129,21.22,248.2,114,11.17,14.2,4,3.83,1,False,610.4000000000001,325,52.95,0.17002032520325203,1.2615384615384617,0.2144871794871795,0.08501602564102564,1.9348837209302325,0.16449612403100775,0.04500402900886382,2.1771929824561402,0.09798245614035088,0.08674639580602883,1.8781538461538465,0.16292307692307692,0.16120576671035386,0.31595845136921624,0.021251992013812875,0
AL,72,415,No,No,0,217.8,93,37.03,189.7,113,16.12,182.6,91,8.22,10.4,5,2.81,4,False,600.5,302,64.18,0.17001836547291094,2.341935483870968,0.3981720430107527,0.08497627833421192,1.6787610619469024,0.14265486725663717,0.04501642935377875,2.0065934065934066,0.09032967032967033,0.10687760199833474,1.9884105960264902,0.21251655629139074,0.36269775187343883,0.576971019009037,0.05712480196701287,0
DE,98,415,No,Yes,29,179.9,97,30.58,189.2,89,16.08,164.3,76,7.39,12.8,7,3.46,3,False,546.2,269,57.51,0.16998332406892716,1.854639175257732,0.3152577319587629,0.08498942917547568,2.1258426966292134,0.18067415730337077,0.04497869750456482,2.1618421052631582,0.09723684210526315,0.1052911021603808,2.030483271375465,0.21379182156133827,0.3293665324057122,0.5317336115458181,0.027825205967768493,0
ID,118,415,No,No,0,140.4,112,23.87,187.1,60,15.9,207.9,155,9.36,7.9,1,2.13,0,False,543.3,328,51.260000000000005,0.170014245014245,1.2535714285714286,0.213125,0.08498129342597542,3.118333333333333,0.265,0.04502164502164502,1.3412903225806452,0.060387096774193544,0.09434934658568012,1.65640243902439,0.15628048780487808,0.2584207620099393,0.4656652360515021,0.02187190662064563,0
MO,55,510,No,No,0,189.0,100,32.13,118.5,99,10.07,248.1,87,11.16,17.1,6,4.62,0,False,572.7,292,57.98,0.17,1.89,0.32130000000000003,0.0849789029535865,1.196969696969697,0.10171717171717172,0.04498186215235792,2.8517241379310345,0.12827586206896552,0.10123974157499561,1.961301369863014,0.19856164383561642,0.3300157150340492,0.5541566057261125,0.021792571927712265,0
IL,130,415,No,No,0,155.9,95,26.5,256.1,97,21.77,262.9,103,11.83,11.7,3,3.16,3,False,686.6,298,63.25999999999999,0.16998075689544578,1.6410526315789473,0.2789473684210526,0.08500585708707535,2.6402061855670107,0.22443298969072165,0.044998098136173455,2.552427184466019,0.11485436893203883,0.092135158753277,2.304026845637584,0.21228187919463085,0.22706087969705796,0.4189061018020867,0.04706252580301721,0
FL,136,408,Yes,No,0,199.2,122,33.86,214.7,114,18.25,150.9,105,6.79,11.8,7,3.19,1,False,576.5999999999999,348,62.089999999999996,0.16997991967871487,1.6327868852459015,0.2775409836065574,0.08500232883092688,1.8833333333333333,0.1600877192982456,0.04499668654738237,1.4371428571428573,0.06466666666666666,0.10768296912937914,1.6568965517241376,0.17841954022988504,0.3454734651404787,0.5453374134321147,0.01569769300698294,0
KY,107,415,No,No,0,157.1,79,26.71,162.6,124,13.82,150.0,138,6.75,12.1,6,3.27,1,False,481.8,347,50.550000000000004,0.17001909611712288,1.9886075949367088,0.3381012658227848,0.08499384993849939,1.3112903225806452,0.1114516129032258,0.045,1.0869565217391304,0.04891304347826087,0.10491905354919054,1.388472622478386,0.14567723342939481,0.32606890826068907,0.5283877349159248,0.013563032775146623,0
MI,91,415,No,No,0,154.4,165,26.25,168.3,121,14.31,239.9,81,10.8,11.7,4,3.16,5,True,574.3000000000001,371,54.519999999999996,0.17001295336787564,0.9357575757575758,0.1590909090909091,0.08502673796791443,1.390909090909091,0.11826446280991736,0.045018757815756566,2.9617283950617286,0.13333333333333333,0.09493296186662022,1.547978436657682,0.14695417789757412,0.26884903360612916,0.481474688187821,0.8923907538374368,1
NY,167,415,No,No,0,166.4,85,28.29,243.2,135,20.67,229.2,95,10.31,9.9,5,2.67,1,False,648.6999999999999,320,61.940000000000005,0.17001201923076922,1.9576470588235295,0.3328235294117647,0.08499177631578948,1.8014814814814815,0.15311111111111111,0.0449825479930192,2.4126315789473685,0.10852631578947369,0.09548327424078928,2.0271874999999997,0.19356250000000003,0.25651302605210424,0.45673232160154986,0.024983487210600973,0
KS,159,415,No,Yes,19,184.1,78,31.3,194.5,71,16.53,225.6,101,10.15,16.9,3,4.56,0,False,621.1,253,62.54,0.17001629549158068,2.3602564102564103,0.4012820512820513,0.08498714652956299,2.73943661971831,0.2328169014084507,0.044991134751773056,2.2336633663366334,0.1004950495049505,0.10069232007728224,2.454940711462451,0.24719367588932806,0.2964095958782805,0.5004796929964823,0.01829635125371516,0
PA,122,415,No,No,0,35.1,62,5.97,180.8,89,15.37,251.6,58,11.32,12.7,2,3.43,1,False,480.2,211,36.089999999999996,0.17008547008547006,0.5661290322580645,0.09629032258064515,0.08501106194690264,2.0314606741573034,0.17269662921348314,0.04499205087440382,4.337931034482758,0.19517241379310346,0.07515618492294876,2.275829383886256,0.171042654028436,0.073094543940025,0.16541978387364922,0.035006809822254875,0
MI,105,415,No,Yes,29,179.4,113,30.5,275.4,100,23.41,246.1,105,11.07,10.0,5,2.7,0,False,710.9,323,67.67999999999999,0.17001114827201783,1.5876106194690267,0.26991150442477874,0.08500363108206246,2.7539999999999996,0.2341,0.044981714750101584,2.3438095238095236,0.10542857142857143,0.09520326346884231,2.2009287925696595,0.20953560371517024,0.2523561682374455,0.45065011820330975,0.008735051081067632,0
NH,155,408,No,No,0,216.7,30,36.84,144.3,125,12.27,135.3,106,6.09,10.8,1,2.92,2,False,507.1,262,58.120000000000005,0.17000461467466546,7.223333333333333,1.2280000000000002,0.08503118503118502,1.1544,0.09816,0.045011086474501104,1.2764150943396229,0.05745283018867924,0.11461250246499705,1.935496183206107,0.22183206106870232,0.4273318872017353,0.6338609772883689,0.02323884068409247,0
WA,161,415,No,No,0,151.6,117,25.77,219.4,87,18.65,224.7,68,10.11,4.0,5,1.08,1,False,599.7,277,55.61,0.1699868073878628,1.2957264957264958,0.22025641025641024,0.08500455788514129,2.5218390804597703,0.21436781609195402,0.04499332443257677,3.304411764705882,0.1486764705882353,0.09272969818242453,2.164981949458484,0.20075812274368232,0.2527930631982658,0.4634058622549901,0.0167915151366206,0
NY,122,415,No,No,0,173.6,110,29.51,91.7,84,7.79,211.7,103,9.53,9.7,7,2.62,3,False,486.7,304,49.45,0.16998847926267283,1.5781818181818181,0.2682727272727273,0.08495092693565975,1.0916666666666668,0.09273809523809524,0.045016532829475674,2.0553398058252426,0.0925242718446602,0.10160262995685228,1.600986842105263,0.16266447368421053,0.35668789808917195,0.5967644084934277,0.0065171247655456815,0
MD,37,415,Yes,No,0,106.6,76,18.12,147.4,89,12.53,235.8,113,10.61,9.6,8,2.59,2,False,499.40000000000003,286,43.849999999999994,0.16998123827392123,1.4026315789473685,0.23842105263157895,0.0850067842605156,1.6561797752808989,0.14078651685393256,0.044995759117896515,2.0867256637168143,0.09389380530973451,0.08780536643972765,1.7461538461538462,0.1533216783216783,0.2134561473768522,0.4132269099201825,0.021769486229021792,0
KS,128,415,No,No,0,103.3,122,17.56,245.9,123,20.9,161.1,95,7.25,6.4,7,1.73,0,False,516.6999999999999,347,47.43999999999999,0.16999031945788964,0.8467213114754099,0.1439344262295082,0.08499389995933306,1.9991869918699188,0.16991869918699185,0.04500310366232154,1.6957894736842105,0.07631578947368421,0.09181343139152312,1.4890489913544667,0.13671469740634004,0.19992258563963616,0.3701517706576729,0.017536984290928596,0
DE,89,510,Yes,No,0,125.6,108,21.35,213.0,90,18.11,181.7,108,8.18,5.4,5,1.46,1,False,525.6999999999999,311,49.1,0.16998407643312105,1.162962962962963,0.19768518518518519,0.08502347417840375,2.3666666666666667,0.20122222222222222,0.04501926252063842,1.6824074074074074,0.07574074074074073,0.09339927715427052,1.690353697749196,0.15787781350482316,0.23891953585695266,0.434826883910387,0.02352780313921266,0
IN,108,415,No,No,0,199.3,104,33.88,224.2,92,19.06,140.1,57,6.3,15.2,2,4.1,0,False,578.8000000000001,255,63.339999999999996,0.16999498243853486,1.916346153846154,0.3257692307692308,0.08501338090990188,2.4369565217391305,0.20717391304347824,0.044967880085653104,2.457894736842105,0.11052631578947368,0.10943331029716653,2.2698039215686276,0.24839215686274507,0.3443331029716655,0.5348910640985161,0.028105671833604955,0
VT,109,408,No,No,0,222.2,113,37.77,218.5,122,18.57,266.0,88,11.97,10.9,5,2.94,1,False,717.6,328,71.25,0.16998199819982002,1.966371681415929,0.3342477876106195,0.08498855835240275,1.790983606557377,0.15221311475409835,0.045000000000000005,3.022727272727273,0.13602272727272727,0.09928929765886288,2.1878048780487807,0.21722560975609756,0.3096432552954292,0.5301052631578947,0.15237500775379462,0
WA,29,415,No,No,0,157.4,122,26.76,145.0,75,12.33,281.8,92,12.68,9.3,2,2.51,1,False,593.5,291,54.28,0.17001270648030495,1.2901639344262295,0.21934426229508197,0.08503448275862069,1.9333333333333333,0.1644,0.04499645138396025,3.0630434782608695,0.13782608695652174,0.09145745577085089,2.0395189003436425,0.18652920962199313,0.265206402695872,0.49299926308032427,0.035901754370198,0
NM,119,415,Yes,Yes,15,160.0,95,27.2,209.5,110,17.81,82.3,107,3.7,8.7,5,2.35,5,True,460.5,317,51.06,0.16999999999999998,1.6842105263157894,0.2863157894736842,0.08501193317422434,1.9045454545454545,0.1619090909090909,0.04495747266099636,0.7691588785046729,0.03457943925233645,0.11087947882736157,1.4526813880126184,0.16107255520504732,0.3474484256243214,0.5327066196631414,0.8247173712866973,1
MO,86,415,No,No,0,83.5,96,14.2,221.1,63,18.79,349.7,75,15.74,12.6,3,3.4,0,False,666.9,237,52.129999999999995,0.17005988023952096,0.8697916666666666,0.14791666666666667,0.08498417005879692,3.5095238095238095,0.2982539682539682,0.04501000857878182,4.6626666666666665,0.20986666666666667,0.07816764132553605,2.8139240506329113,0.21995780590717298,0.12520617783775678,0.27239593324381356,0.02740719700653624,0
IA,92,510,No,Yes,25,134.0,112,22.78,206.0,111,17.51,180.6,118,8.13,9.7,4,2.62,0,False,530.3000000000001,345,51.040000000000006,0.17,1.1964285714285714,0.20339285714285715,0.085,1.8558558558558558,0.15774774774774777,0.04501661129568107,1.5305084745762711,0.06889830508474577,0.09624740712804074,1.5371014492753625,0.14794202898550726,0.2526871582123326,0.44631661442006265,0.025777367337241695,0
WA,13,510,No,Yes,25,176.6,65,30.02,172.7,96,14.68,104.5,128,4.7,11.3,5,3.05,2,False,465.09999999999997,294,52.45,0.16998867497168743,2.7169230769230768,0.46184615384615385,0.085002895193978,1.7989583333333332,0.15291666666666667,0.044976076555023926,0.81640625,0.03671875,0.11277144700064504,1.581972789115646,0.1784013605442177,0.37970328961513655,0.5723546234509056,0.021165188452939274,0
CT,144,510,Yes,Yes,35,174.8,127,29.72,219.6,93,18.67,255.8,90,11.51,12.8,3,3.46,0,False,663.0,313,63.36,0.1700228832951945,1.3763779527559057,0.23401574803149605,0.08501821493624773,2.361290322580645,0.20075268817204303,0.04499609069585613,2.8422222222222224,0.12788888888888889,0.0955656108597285,2.1182108626198084,0.20242811501597444,0.2636500754147813,0.4690656565656566,0.06781574994478275,0
NH,139,510,No,No,0,221.3,140,37.62,157.8,89,13.41,192.5,89,8.66,11.3,6,3.05,1,False,582.9,324,62.739999999999995,0.16999548124717576,1.5807142857142857,0.2687142857142857,0.08498098859315589,1.7730337078651686,0.15067415730337078,0.044987012987012985,2.162921348314607,0.09730337078651685,0.10763424258020243,1.799074074074074,0.19364197530864197,0.37965345685366275,0.5996174689193497,0.019329085673599474,0
LA,95,415,No,No,0,141.1,84,23.99,211.4,108,17.97,103.7,127,4.67,5.9,6,1.59,3,False,462.09999999999997,325,48.22,0.17002126151665484,1.6797619047619048,0.28559523809523807,0.08500473036896877,1.9574074074074075,0.1663888888888889,0.045033751205400194,0.8165354330708662,0.03677165354330709,0.10434970785544255,1.4218461538461538,0.14836923076923075,0.3053451633845488,0.4975114060555786,0.00852367825991885,0
ME,80,408,No,Yes,31,166.4,92,28.29,238.3,74,20.26,150.7,84,6.78,10.7,4,2.89,4,False,566.1000000000001,254,58.22,0.17001201923076922,1.808695652173913,0.3075,0.08501888375996643,3.2202702702702704,0.2737837837837838,0.04499004644990047,1.794047619047619,0.08071428571428571,0.10284402049107928,2.2287401574803156,0.22921259842519684,0.2939409998233527,0.4859154929577465,0.12721035594192318,0
MT,113,415,No,No,0,215.9,93,36.7,240.1,85,20.41,156.7,123,7.05,4.9,5,1.32,3,False,617.6,306,65.47999999999999,0.16998610467809172,2.3215053763440863,0.3946236559139785,0.08500624739691795,2.824705882352941,0.24011764705882352,0.04499042756860243,1.2739837398373983,0.0573170731707317,0.10602331606217615,2.018300653594771,0.21398692810457512,0.34957901554404147,0.5604764813683569,0.019125619581957336,0
ID,88,415,No,Yes,31,181.6,91,30.87,213.2,120,18.12,207.8,104,9.35,11.4,4,3.08,1,False,613.9999999999999,319,61.42,0.16998898678414098,1.9956043956043956,0.3392307692307692,0.08499061913696061,1.7766666666666666,0.151,0.04499518768046198,1.998076923076923,0.08990384615384615,0.1000325732899023,1.9247648902821313,0.19253918495297806,0.2957654723127036,0.5026050146532074,0.03434014007326071,0
UT,74,415,No,No,0,106.4,84,18.09,140.2,104,11.92,90.9,81,4.09,11.4,3,3.08,1,False,348.9,272,37.17999999999999,0.17001879699248118,1.2666666666666668,0.21535714285714286,0.08502139800285308,1.348076923076923,0.11461538461538462,0.04499449944994499,1.1222222222222222,0.050493827160493825,0.10656348523932357,1.2827205882352941,0.1366911764705882,0.3049584408139869,0.4865519096288328,0.01314138009374627,0
IL,48,510,No,No,0,128.2,71,21.79,48.1,78,4.09,116.3,80,5.23,8.9,3,2.4,0,False,301.49999999999994,232,33.51,0.1699687987519501,1.8056338028169012,0.30690140845070424,0.08503118503118502,0.6166666666666667,0.05243589743589743,0.04496990541702494,1.4537499999999999,0.065375,0.11114427860696519,1.299568965517241,0.14443965517241378,0.4252072968490879,0.6502536556251866,0.02057518239847082,0
AZ,163,510,No,No,0,178.7,56,30.38,215.7,79,18.33,152.7,84,6.87,10.6,2,2.86,4,False,557.6999999999999,221,58.43999999999999,0.17000559597090095,3.1910714285714286,0.5425,0.08497913769123783,2.730379746835443,0.23202531645569618,0.044990176817288806,1.8178571428571426,0.08178571428571428,0.10478752017213555,2.5235294117647054,0.26443438914027145,0.32042316657701275,0.5198494182067078,0.09158554156161931,0
ID,56,510,No,No,0,150.9,79,25.65,161.8,87,13.75,167.7,115,7.55,11.7,5,3.16,3,False,492.1,286,50.11,0.1699801192842942,1.910126582278481,0.3246835443037975,0.0849814585908529,1.859770114942529,0.15804597701149425,0.04502087060226595,1.4582608695652173,0.06565217391304348,0.10182889656573867,1.7206293706293707,0.17520979020979022,0.30664499085551716,0.5118738774695669,0.018276158646489692,0
TX,64,415,No,No,0,168.0,116,28.56,192.4,94,16.35,166.5,98,7.49,10.1,3,2.73,2,False,537.0,311,55.129999999999995,0.16999999999999998,1.4482758620689655,0.24620689655172412,0.08497920997920999,2.046808510638298,0.17393617021276597,0.04498498498498499,1.6989795918367347,0.07642857142857143,0.10266294227188082,1.7266881028938907,0.1772668810289389,0.3128491620111732,0.5180482495918738,0.02716412670646139,0
MT,116,415,No,Yes,35,182.8,122,31.08,212.7,119,18.08,193.8,103,8.72,11.0,2,2.97,1,False,600.3,346,60.849999999999994,0.17002188183807437,1.498360655737705,0.2547540983606557,0.0850023507287259,1.7873949579831931,0.1519327731092437,0.04499484004127967,1.8815533980582526,0.08466019417475729,0.10136598367482925,1.734971098265896,0.17586705202312136,0.30451440946193575,0.5107641741988497,0.02573723471795079,0
PA,101,415,Yes,No,0,193.7,108,32.93,186.6,98,15.86,223.0,100,10.04,11.6,8,3.13,0,False,614.9,314,61.96,0.17000516262261228,1.7935185185185185,0.3049074074074074,0.08499464094319399,1.9040816326530612,0.16183673469387755,0.045022421524663674,2.23,0.10039999999999999,0.10076435192714263,1.95828025477707,0.1973248407643312,0.3150105708245243,0.5314719173660426,0.029585787081937164,0
RI,85,415,Yes,No,0,197.2,97,33.52,211.7,115,17.99,210.1,133,9.45,8.3,4,2.24,4,False,627.3,349,63.20000000000001,0.1699797160243408,2.0329896907216494,0.3455670103092784,0.08497874350495985,1.8408695652173912,0.15643478260869564,0.044978581627796284,1.5796992481203007,0.07105263157894737,0.10074924278654554,1.7974212034383952,0.18108882521489975,0.3143631436314363,0.530379746835443,0.10121295106257687,0
NH,90,415,No,No,0,76.1,121,12.94,290.3,73,24.68,236.9,89,10.66,10.8,3,2.92,0,False,614.0999999999999,286,51.2,0.17003942181340342,0.6289256198347107,0.10694214876033058,0.08501550120564932,3.9767123287671233,0.33808219178082194,0.044997889404812155,2.661797752808989,0.1197752808988764,0.08337404331542096,2.1472027972027967,0.17902097902097902,0.1239211854746784,0.25273437499999996,0.018750848742593217,0
UT,73,415,No,No,0,182.3,115,30.99,199.2,97,16.93,120.2,113,5.41,18.0,5,4.86,1,False,519.7,330,58.19,0.16999451453647832,1.585217391304348,0.2694782608695652,0.08498995983935743,2.05360824742268,0.1745360824742268,0.04500831946755408,1.063716814159292,0.047876106194690266,0.11196844333269193,1.574848484848485,0.17633333333333331,0.3507792957475466,0.5325657329438048,0.013145139806514976,0
NH,55,408,No,Yes,20,189.3,95,32.18,118.6,113,10.08,250.2,102,11.26,12.5,4,3.38,2,False,570.5999999999999,314,56.9,0.1699947173798204,1.9926315789473685,0.33873684210526317,0.08499156829679595,1.0495575221238937,0.08920353982300885,0.045003996802557955,2.452941176470588,0.1103921568627451,0.09971959341044516,1.817197452229299,0.18121019108280254,0.3317560462670873,0.5655536028119508,0.017235301120498526,0
AK,76,415,No,Yes,22,160.1,107,27.22,168.7,136,14.34,23.2,102,1.04,9.5,4,2.57,3,False,361.49999999999994,349,45.17,0.17001873828856964,1.4962616822429906,0.254392523364486,0.08500296384113812,1.240441176470588,0.10544117647058823,0.04482758620689656,0.22745098039215686,0.01019607843137255,0.12495159059474414,1.0358166189111746,0.1294269340974212,0.44287690179806366,0.6026123533318574,0.015322501913112421,0
AZ,157,415,No,No,0,220.7,105,37.52,119.3,127,10.14,165.1,113,7.43,11.5,7,3.11,4,False,516.6,352,58.2,0.17000453103760763,2.1019047619047617,0.35733333333333334,0.08499580888516346,0.9393700787401574,0.07984251968503937,0.04500302846759539,1.461061946902655,0.06575221238938053,0.11265969802555169,1.4676136363636365,0.1653409090909091,0.42721641502129304,0.6446735395189004,0.43392498229559273,0
NJ,131,415,No,No,0,211.8,115,36.01,260.5,102,22.14,144.2,96,6.49,10.8,7,2.92,0,False,627.3,320,67.56,0.17001888574126534,1.8417391304347828,0.31313043478260866,0.08499040307101728,2.553921568627451,0.21705882352941178,0.04500693481276006,1.5020833333333332,0.06760416666666667,0.10769966523194645,1.9603125,0.211125,0.3376374940219991,0.5330076968620485,0.027336693289431873,0
MI,51,415,No,No,0,229.7,129,39.05,336.0,104,28.56,192.8,128,8.68,9.6,1,2.59,1,True,768.1,362,78.88,0.1700043535045712,1.7806201550387597,0.3027131782945736,0.08499999999999999,3.230769230769231,0.2746153846153846,0.0450207468879668,1.50625,0.0678125,0.1026949615935425,2.1218232044198895,0.21790055248618784,0.2990496029162869,0.49505578093306285,0.8716389237322384,1
ID,166,415,No,No,0,220.7,106,37.52,177.8,118,15.11,206.1,102,9.27,12.4,9,3.35,1,False,617.0,335,65.25,0.17000453103760763,2.082075471698113,0.35396226415094345,0.08498312710911135,1.5067796610169493,0.12805084745762713,0.044978165938864625,2.0205882352941176,0.09088235294117647,0.10575364667747164,1.8417910447761194,0.1947761194029851,0.3576985413290113,0.5750191570881227,0.023584399776753237,0
OR,66,408,No,No,0,87.6,76,14.89,262.0,111,22.27,184.6,125,8.31,9.2,5,2.48,1,False,543.4000000000001,317,47.949999999999996,0.16997716894977172,1.1526315789473685,0.19592105263157897,0.08499999999999999,2.3603603603603602,0.20063063063063064,0.04501625135427953,1.4768,0.06648,0.08824070666175927,1.7141955835962148,0.15126182965299684,0.16120721383879275,0.31053180396246094,0.016983273730327857,0
UT,49,415,No,No,0,266.3,90,45.27,207.8,117,17.66,205.0,98,9.23,14.0,2,3.78,2,True,693.1,307,75.94000000000001,0.1699962448366504,2.958888888888889,0.503,0.08498556304138595,1.7760683760683762,0.15094017094017095,0.045024390243902444,2.0918367346938775,0.09418367346938776,0.10956571923243401,2.257654723127036,0.24736156351791536,0.3842158418698601,0.5961285225177771,0.6144478206562225,1
LA,89,415,No,No,0,141.1,92,23.99,249.1,126,21.17,136.0,73,6.12,10.8,2,2.92,2,False,537.0,293,54.199999999999996,0.17002126151665484,1.533695652173913,0.2607608695652174,0.08498594941790447,1.9769841269841268,0.16801587301587304,0.045,1.8630136986301369,0.08383561643835617,0.10093109869646182,1.8327645051194539,0.1849829351535836,0.262756052141527,0.442619926199262,0.01577999646577443,0
WI,90,415,No,No,0,200.9,92,34.15,164.3,91,13.97,249.0,98,11.21,8.9,7,2.4,1,False,623.1,288,61.73,0.16998506719761075,2.1836956521739133,0.37119565217391304,0.08502738892270237,1.8054945054945055,0.15351648351648353,0.04502008032128514,2.5408163265306123,0.11438775510204083,0.09906917027764403,2.1635416666666667,0.21434027777777775,0.3224201572781255,0.5532156163939738,0.022416739834495696,0
ID,193,415,No,No,0,96.8,92,16.46,142.6,103,12.12,210.1,115,9.45,10.9,5,2.94,2,True,460.4,315,40.97,0.17004132231404961,1.0521739130434782,0.17891304347826087,0.0849929873772791,1.3844660194174756,0.11766990291262135,0.044978581627796284,1.8269565217391304,0.08217391304347825,0.08898783666377064,1.4615873015873015,0.13006349206349205,0.21025195482189402,0.40175738345130585,0.028277881594905154,0
TN,114,510,No,No,0,172.0,145,29.24,276.4,101,23.49,193.7,100,8.72,10.1,9,2.73,1,False,652.1999999999999,355,64.17999999999999,0.16999999999999998,1.186206896551724,0.2016551724137931,0.08498552821997106,2.7366336633663364,0.23257425742574256,0.045018069179143014,1.9369999999999998,0.0872,0.09840539711744864,1.8371830985915492,0.1807887323943662,0.26372278442195646,0.4555936428794017,0.012100537840412394,0
NV,7,408,No,Yes,30,221.4,114,37.64,165.8,116,14.09,247.0,105,11.12,10.8,12,2.92,1,False,645.0,347,65.77,0.17000903342366758,1.9421052631578948,0.33017543859649123,0.08498190591073582,1.4293103448275863,0.12146551724137931,0.045020242914979754,2.3523809523809525,0.10590476190476189,0.10196899224806201,1.8587896253602305,0.18953890489913544,0.34325581395348836,0.5722974000304091,0.02381793271947009,0
WY,71,415,No,No,0,243.7,124,41.43,60.0,90,5.1,189.0,129,8.5,11.3,2,3.05,0,False,504.0,345,58.08,0.17000410340582683,1.9653225806451613,0.33411290322580645,0.08499999999999999,0.6666666666666666,0.056666666666666664,0.04497354497354497,1.4651162790697674,0.06589147286821706,0.11523809523809524,1.4608695652173913,0.1683478260869565,0.48353174603174603,0.7133264462809917,0.029464742732955726,0
IL,31,415,No,Yes,28,210.5,101,35.79,250.5,86,21.29,241.6,125,10.87,11.5,2,3.11,1,False,714.1,314,71.06,0.17002375296912114,2.0841584158415842,0.35435643564356434,0.08499001996007984,2.9127906976744184,0.2475581395348837,0.04499172185430463,1.9327999999999999,0.08696,0.09950987256686739,2.274203821656051,0.22630573248407643,0.294776641926901,0.5036588798198705,0.017968546308349244,0
MA,111,415,No,No,0,284.4,89,48.35,157.0,113,13.35,242.8,91,10.93,8.4,8,2.27,0,True,692.6,301,74.89999999999999,0.17000703234880452,3.1955056179775276,0.5432584269662921,0.08503184713375796,1.3893805309734513,0.11814159292035398,0.045016474464579896,2.6681318681318684,0.12010989010989011,0.10814322841466935,2.300996677740864,0.24883720930232556,0.4106266243141784,0.6455273698264353,0.6886826780677561,1
AZ,97,408,No,No,0,169.7,84,28.85,165.9,86,14.1,191.9,83,8.64,12.8,6,3.46,3,False,540.3,259,55.050000000000004,0.17000589275191516,2.020238095238095,0.34345238095238095,0.08499095840867993,1.9290697674418604,0.16395348837209303,0.045023449713392394,2.3120481927710843,0.10409638554216868,0.10188784008883955,2.086100386100386,0.21254826254826256,0.3140847677216361,0.5240690281562216,0.025189208059597772,0
ND,51,510,No,No,0,227.2,89,38.62,194.4,106,16.52,243.4,126,10.95,14.9,2,4.02,0,False,679.9,323,70.11,0.1699823943661972,2.5528089887640446,0.4339325842696629,0.08497942386831275,1.8339622641509434,0.15584905660377357,0.04498767460969597,1.9317460317460318,0.0869047619047619,0.10311810560376526,2.104953560371517,0.21705882352941178,0.33416678923371085,0.5508486663814006,0.08777474086525881,0
SD,86,415,No,No,0,223.9,75,38.06,155.7,109,13.23,150.2,143,6.76,7.3,9,1.97,1,False,537.0999999999999,336,60.02,0.1699866011612327,2.9853333333333336,0.5074666666666667,0.08497109826589597,1.428440366972477,0.12137614678899084,0.04500665778961385,1.0503496503496503,0.04727272727272727,0.11174827778812142,1.5985119047619045,0.1786309523809524,0.4168683671569541,0.6341219593468844,0.00580981294572626,0
ND,190,415,No,No,0,169.4,102,28.8,253.5,113,21.55,197.1,93,8.87,8.9,5,2.4,1,False,628.9,313,61.62,0.17001180637544275,1.6607843137254903,0.2823529411764706,0.08500986193293886,2.243362831858407,0.19070796460176992,0.0450025367833587,2.1193548387096772,0.0953763440860215,0.09798060104945142,2.0092651757188498,0.19686900958466452,0.26935919860073143,0.4673807205452775,0.03281276339904243,0
CT,80,408,No,No,0,118.1,90,20.08,144.3,77,12.27,225.1,86,10.13,8.2,6,2.21,1,False,495.7,259,44.69,0.17002540220152412,1.3122222222222222,0.2231111111111111,0.08503118503118502,1.8740259740259742,0.15935064935064935,0.04500222123500667,2.6174418604651164,0.11779069767441862,0.09015533588864232,1.9138996138996138,0.17254826254826253,0.23824894089166834,0.44931752069814274,0.027887508028884036,0
MO,36,415,No,No,0,202.4,115,34.41,230.7,115,19.61,202.0,127,9.09,10.2,2,2.75,3,False,645.3000000000001,359,65.86,0.1700098814229249,1.76,0.2992173913043478,0.08500216731686172,2.006086956521739,0.17052173913043478,0.045,1.5905511811023623,0.07157480314960629,0.10206105687277234,1.7974930362116994,0.1834540389972145,0.31365256469858976,0.5224719101123595,0.027099498436365235,0
NJ,45,510,No,No,0,155.7,110,26.47,260.3,103,22.13,192.2,98,8.65,11.0,1,2.97,1,False,619.2,312,60.21999999999999,0.17000642260757867,1.4154545454545453,0.24063636363636362,0.08501728774490971,2.5271844660194174,0.21485436893203883,0.04500520291363164,1.9612244897959183,0.08826530612244898,0.09725452196382427,1.9846153846153847,0.19301282051282048,0.25145348837209297,0.4395549651278645,0.023190456628318607,0
NC,170,415,No,No,0,246.4,107,41.89,228.1,124,19.39,166.4,95,7.49,9.1,8,2.46,0,False,650.0,334,71.22999999999999,0.17000811688311687,2.302803738317757,0.39149532710280377,0.08500657606313021,1.839516129032258,0.15637096774193548,0.04501201923076923,1.7515789473684211,0.0788421052631579,0.10958461538461536,1.9461077844311376,0.21326347305389218,0.3790769230769231,0.5880949038326548,0.04701885552829911,0
UT,103,415,No,No,0,189.8,110,32.27,115.5,83,9.82,191.3,103,8.61,12.2,4,3.29,0,False,508.8,300,53.99,0.17002107481559536,1.7254545454545456,0.2933636363636364,0.08502164502164503,1.391566265060241,0.1183132530120482,0.04500784108729743,1.8572815533980584,0.08359223300970874,0.1061124213836478,1.696,0.17996666666666666,0.37303459119496857,0.5977032783848861,0.014220708022018216,0
WI,112,408,No,No,0,167.8,88,28.53,247.9,81,21.07,155.1,108,6.98,11.9,4,3.21,0,False,582.7,281,59.79,0.1700238379022646,1.906818181818182,0.32420454545454547,0.08499394917305365,3.060493827160494,0.26012345679012344,0.04500322372662799,1.4361111111111111,0.06462962962962963,0.1026085464218294,2.0736654804270462,0.21277580071174376,0.28796979577827353,0.4771700953336679,0.036236764300348064,0
MT,125,510,No,No,0,143.2,80,24.34,88.1,94,7.49,233.2,135,10.49,8.8,7,2.38,4,True,473.3,316,44.7,0.16997206703910617,1.7899999999999998,0.30425,0.08501702610669694,0.9372340425531914,0.07968085106382979,0.04498284734133791,1.7274074074074073,0.0777037037037037,0.09444327065286288,1.4977848101265823,0.14145569620253165,0.3025565180646524,0.5445190156599552,0.9004161099179177,1
MS,73,415,No,Yes,31,82.3,105,13.99,256.1,91,21.77,229.6,98,10.33,11.8,2,3.19,6,True,579.8,296,49.279999999999994,0.16998784933171326,0.7838095238095237,0.13323809523809524,0.08500585708707535,2.8142857142857145,0.23923076923076922,0.044991289198606274,2.342857142857143,0.10540816326530612,0.08499482580200068,1.9587837837837836,0.16648648648648648,0.1419454984477406,0.28388798701298706,0.8321767582267021,1
NM,232,408,No,No,0,165.6,104,28.15,195.9,115,16.65,118.3,77,5.32,11.8,3,3.19,1,False,491.6,299,53.309999999999995,0.16998792270531402,1.5923076923076922,0.2706730769230769,0.08499234303215926,1.7034782608695653,0.14478260869565215,0.04497041420118344,1.5363636363636364,0.06909090909090909,0.10844182262001625,1.6441471571906354,0.17829431438127089,0.33685923515052885,0.5280435190395798,0.03557370512922504,0
SD,95,408,No,Yes,20,165.7,78,28.17,215.6,94,18.33,243.3,91,10.95,9.8,6,2.65,0,False,634.3999999999999,269,60.1,0.17000603500301753,2.1243589743589744,0.36115384615384616,0.08501855287569572,2.293617021276596,0.19499999999999998,0.04500616522811344,2.673626373626374,0.12032967032967032,0.09473518284993697,2.3583643122676574,0.2234200743494424,0.2611916771752838,0.4687188019966722,0.013244726964476898,0
VA,182,415,No,No,0,176.1,90,29.94,174.9,106,14.87,234.7,134,10.56,9.7,4,2.62,1,False,595.4000000000001,334,57.99,0.17001703577512778,1.9566666666666666,0.33266666666666667,0.08502001143510576,1.6500000000000001,0.14028301886792452,0.04499360886237751,1.7514925373134327,0.07880597014925374,0.09739670809539804,1.7826347305389225,0.17362275449101797,0.29576755122606646,0.5162959130884636,0.032933841884074284,0
NM,55,510,No,No,0,119.7,148,20.35,231.8,96,19.7,222.3,113,10.0,4.6,2,1.24,2,False,578.4,359,51.29,0.17000835421888055,0.8087837837837838,0.1375,0.08498705780845556,2.4145833333333333,0.20520833333333333,0.044984255510571294,1.9672566371681417,0.08849557522123894,0.08867565698478562,1.611142061281337,0.14286908077994429,0.20695020746887968,0.39676350165724317,0.014906905246919722,0
VA,86,415,No,Yes,30,99.9,84,16.98,263.5,125,22.4,254.7,90,11.46,9.8,7,2.65,2,False,627.8999999999999,306,53.489999999999995,0.16996996996996996,1.1892857142857143,0.20214285714285715,0.08500948766603415,2.108,0.1792,0.044994110718492346,2.83,0.12733333333333335,0.08518872431915911,2.051960784313725,0.17480392156862742,0.15910176779742002,0.3174425126191812,0.013593104056815816,0
NJ,127,510,No,No,0,239.8,107,40.77,128.9,121,10.96,249.9,110,11.25,11.3,5,3.05,1,False,629.9,343,66.03,0.17001668056713928,2.241121495327103,0.3810280373831776,0.08502715283165245,1.0652892561983471,0.09057851239669422,0.04501800720288115,2.271818181818182,0.10227272727272728,0.1048261628829973,1.8364431486880466,0.19250728862973762,0.38069534846801084,0.6174466151749205,0.023281490729997686,0
TN,63,415,No,No,0,164.5,75,27.97,147.9,118,12.57,252.7,97,11.37,11.2,2,3.02,0,False,576.3,292,54.93,0.17003039513677812,2.1933333333333334,0.37293333333333334,0.08498985801217038,1.2533898305084745,0.10652542372881356,0.04499406410763752,2.605154639175258,0.11721649484536081,0.09531494013534618,1.9736301369863012,0.18811643835616437,0.2854416102724276,0.5091935190242126,0.03487280725317993,0
MI,79,510,No,No,0,220.9,107,37.55,192.2,97,16.34,161.0,74,7.25,12.2,2,3.29,1,False,586.3000000000001,280,64.43,0.1699864191942055,2.0644859813084113,0.3509345794392523,0.08501560874089491,1.981443298969072,0.16845360824742267,0.04503105590062112,2.175675675675676,0.09797297297297297,0.10989254647791233,2.0939285714285716,0.23010714285714287,0.3767695718915231,0.5828030420611515,0.027607604917126136,0
LA,111,415,No,Yes,28,128.8,104,21.9,157.3,52,13.37,147.4,76,6.63,10.3,2,2.78,2,False,443.8,234,44.68,0.1700310559006211,1.2384615384615385,0.21057692307692305,0.08499682136045772,3.0250000000000004,0.2571153846153846,0.044979647218453184,1.9394736842105265,0.08723684210526315,0.1006759801712483,1.8965811965811967,0.19094017094017093,0.2902208201892745,0.4901521933751119,0.02121499029486704,0
NH,121,510,No,Yes,35,193.8,62,32.95,197.6,97,16.8,218.8,95,9.85,5.9,4,1.59,0,False,616.1,258,61.190000000000005,0.17002063983488133,3.1258064516129034,0.5314516129032258,0.08502024291497977,2.0371134020618555,0.1731958762886598,0.04501828153564899,2.303157894736842,0.10368421052631578,0.0993182924849862,2.387984496124031,0.23717054263565893,0.31455932478493753,0.538486680830201,0.012624515967805712,0
RI,112,415,No,No,0,168.6,102,28.66,298.0,117,25.33,194.7,110,8.76,9.8,5,2.65,1,False,671.0999999999999,334,65.39999999999999,0.16998813760379597,1.6529411764705881,0.28098039215686277,0.08499999999999999,2.547008547008547,0.2164957264957265,0.04499229583975347,1.7699999999999998,0.07963636363636363,0.09745194456861869,2.009281437125748,0.19580838323353292,0.25122932498882433,0.43822629969418964,0.041229324060836785,0
LA,81,415,No,Yes,36,115.9,120,19.7,236.6,95,20.11,255.0,90,11.48,11.7,6,3.16,3,False,619.2,311,54.45,0.16997411561691111,0.9658333333333334,0.16416666666666666,0.08499577345731192,2.4905263157894737,0.21168421052631578,0.04501960784313726,2.8333333333333335,0.12755555555555556,0.08793604651162791,1.9909967845659164,0.17508038585209004,0.18717700258397932,0.36179981634527086,0.015485917750338678,0
AZ,72,510,No,No,0,272.4,88,46.31,107.9,125,9.17,185.5,81,8.35,12.7,2,3.43,0,False,578.5,296,67.26,0.17000734214390603,3.0954545454545452,0.52625,0.08498609823911028,0.8632000000000001,0.07336,0.04501347708894878,2.2901234567901234,0.10308641975308641,0.11626620570440796,1.9543918918918919,0.22722972972972974,0.4708729472774416,0.6885221528397264,0.06182727554347362,0
SC,64,510,No,Yes,40,210.0,116,35.7,232.7,89,19.78,168.8,94,7.6,5.9,4,1.59,8,False,617.4,303,64.67,0.17,1.8103448275862069,0.3077586206896552,0.08500214868929953,2.6146067415730334,0.22224719101123597,0.04502369668246445,1.795744680851064,0.08085106382978723,0.1047457078069323,2.0376237623762377,0.21343234323432345,0.3401360544217687,0.5520334003401887,0.09758247728665971,0
MD,163,408,No,No,0,223.0,120,37.91,227.0,98,19.3,188.3,125,8.47,8.8,5,2.38,1,False,647.0999999999999,348,68.05999999999999,0.16999999999999998,1.8583333333333334,0.3159166666666666,0.08502202643171806,2.316326530612245,0.19693877551020408,0.04498141263940521,1.5064000000000002,0.06776,0.10517694328542729,1.8594827586206895,0.19557471264367812,0.34461443362695104,0.5570085218924479,0.038246482058813584,0
WA,104,415,No,No,0,139.7,78,23.75,202.6,119,17.22,203.6,102,9.16,11.3,5,3.05,2,False,557.1999999999999,304,53.17999999999999,0.1700071581961346,1.7910256410256409,0.30448717948717946,0.08499506416584403,1.7025210084033613,0.14470588235294116,0.044990176817288806,1.996078431372549,0.08980392156862745,0.09544149318018665,1.8328947368421051,0.17493421052631578,0.2507178750897344,0.44659646483640475,0.020770611997363325,0
CA,93,510,No,Yes,19,136.8,113,23.26,179.5,105,15.26,71.1,95,3.2,12.5,3,3.38,2,False,399.9,316,45.10000000000001,0.17002923976608186,1.2106194690265488,0.20584070796460177,0.08501392757660167,1.7095238095238094,0.14533333333333334,0.04500703234880451,0.7484210526315789,0.03368421052631579,0.11277819454863719,1.265506329113924,0.1427215189873418,0.34208552138034515,0.5157427937915742,0.015334742864767891,0
NJ,197,510,No,No,0,154.8,111,26.32,171.5,102,14.58,227.3,86,10.23,10.6,2,2.86,3,False,564.2,301,53.989999999999995,0.17002583979328165,1.3945945945945948,0.2371171171171171,0.08501457725947521,1.6813725490196079,0.14294117647058824,0.04500659920809503,2.6430232558139535,0.11895348837209303,0.09569301666075858,1.8744186046511628,0.17936877076411958,0.27437079049982277,0.48749768475643646,0.04559049456087266,0
AR,57,510,No,No,0,192.8,68,32.78,158.0,86,13.43,235.5,105,10.6,12.7,6,3.43,1,False,599.0,265,60.24,0.1700207468879668,2.835294117647059,0.48205882352941176,0.08499999999999999,1.8372093023255813,0.15616279069767441,0.04501061571125265,2.242857142857143,0.10095238095238095,0.10056761268781303,2.260377358490566,0.22732075471698113,0.3218697829716194,0.5441567065073041,0.02015945642947843,0
CT,107,408,No,No,0,103.4,94,17.58,189.3,125,16.09,227.2,125,10.22,14.4,3,3.89,1,False,534.3000000000001,347,47.78,0.17001934235976787,1.1,0.18702127659574466,0.0849973586899102,1.5144000000000002,0.12872,0.044982394366197186,1.8175999999999999,0.08176,0.08942541643271569,1.539769452449568,0.13769452449567723,0.19352423731985774,0.36793637505232313,0.041044650510079474,0
SD,75,408,No,No,0,147.5,110,25.08,191.7,97,16.29,135.0,68,6.08,16.4,3,4.43,2,False,490.59999999999997,278,51.879999999999995,0.17003389830508472,1.3409090909090908,0.22799999999999998,0.08497652582159625,1.9762886597938143,0.1679381443298969,0.045037037037037035,1.9852941176470589,0.08941176470588236,0.10574806359559723,1.7647482014388487,0.1866187050359712,0.3006522625356706,0.48342328450269856,0.023581732596188704,0
FL,106,408,No,No,0,178.4,143,30.33,247.0,123,21.0,259.9,105,11.7,9.6,2,2.59,0,False,694.9,373,65.62,0.17001121076233183,1.2475524475524475,0.21209790209790208,0.08502024291497975,2.008130081300813,0.17073170731707318,0.04501731435167372,2.4752380952380952,0.11142857142857142,0.09443085336019572,1.8630026809651474,0.17592493297587133,0.2567275867031228,0.4622066443157573,0.022808810955415797,0
MS,70,408,No,No,0,148.4,110,25.23,267.1,90,22.7,151.5,101,6.82,8.9,4,2.4,0,False,575.9,305,57.15,0.1700134770889488,1.3490909090909091,0.22936363636363638,0.08498689629352302,2.967777777777778,0.25222222222222224,0.04501650165016502,1.5,0.06752475247524753,0.09923597846848412,1.8881967213114754,0.18737704918032785,0.2576836256294496,0.4414698162729659,0.015014033655412396,0
MA,80,408,No,No,0,148.6,106,25.26,210.8,65,17.92,203.7,86,9.17,10.0,2,2.7,2,False,573.0999999999999,259,55.05000000000001,0.16998654104979813,1.4018867924528302,0.23830188679245284,0.08500948766603415,3.243076923076923,0.27569230769230774,0.04501718213058419,2.3686046511627907,0.10662790697674418,0.09605653463618918,2.2127413127413122,0.2125482625482626,0.25929157215145704,0.4588555858310626,0.02366967859934305,0
VT,137,510,No,No,0,97.5,95,16.58,195.8,82,16.64,288.8,78,13.0,0.0,0,0.0,1,False,582.1,255,46.22,0.17005128205128203,1.0263157894736843,0.17452631578947367,0.08498467824310521,2.387804878048781,0.2029268292682927,0.045013850415512466,3.7025641025641027,0.16666666666666666,0.07940216457653324,2.2827450980392157,0.1812549019607843,0.16749699364370382,0.35871916919082647,0.020356013291462832,0
IL,90,415,No,Yes,29,185.6,106,31.55,219.7,113,18.67,152.1,120,6.84,11.1,5,3.0,2,False,568.5,344,60.06,0.16998922413793105,1.7509433962264151,0.2976415094339623,0.08497951752389624,1.9442477876106194,0.1652212389380531,0.04497041420118343,1.2674999999999998,0.057,0.10564643799472295,1.6526162790697674,0.17459302325581397,0.3264731750219877,0.5253080253080253,0.039701802090987,0
CT,30,408,No,No,0,137.6,108,23.39,162.0,80,13.77,187.7,126,8.45,5.8,10,1.57,3,False,493.1,324,47.18,0.16998546511627907,1.274074074074074,0.21657407407407409,0.08499999999999999,2.025,0.172125,0.04501864677677144,1.4896825396825395,0.06706349206349206,0.09568038937335226,1.5219135802469137,0.1456172839506173,0.27905090245386327,0.4957609156422213,0.008737485590891216,0
KS,105,415,Yes,No,0,273.9,119,46.56,278.6,103,23.68,255.3,90,11.49,10.9,7,2.94,1,True,818.6999999999999,319,84.67,0.16998904709748086,2.3016806722689074,0.3912605042016807,0.08499641062455132,2.7048543689320392,0.22990291262135923,0.045005875440658046,2.836666666666667,0.12766666666666668,0.10342005618663737,2.5664576802507835,0.26542319749216303,0.3345547819714181,0.5498996102515649,0.9808134844824983,1
MA,102,415,No,Yes,31,125.3,92,21.3,141.2,108,12.0,168.2,68,7.57,6.3,2,1.7,3,False,441.0,270,42.57,0.16999201915403034,1.3619565217391305,0.23152173913043478,0.08498583569405099,1.3074074074074074,0.1111111111111111,0.04500594530321047,2.4735294117647055,0.11132352941176471,0.09653061224489796,1.6333333333333333,0.15766666666666668,0.2841269841269841,0.5003523608174771,0.013735948097344323,0
NJ,83,415,No,No,0,178.8,102,30.4,167.9,84,14.27,178.9,65,8.05,8.6,4,2.32,3,False,534.2,255,55.04,0.17002237136465323,1.7529411764705884,0.2980392156862745,0.08499106611078022,1.9988095238095238,0.16988095238095238,0.04499720514253773,2.7523076923076926,0.12384615384615386,0.10303257207038562,2.094901960784314,0.21584313725490195,0.33470610258330213,0.5523255813953488,0.02299178290374845,0
AR,63,510,No,Yes,49,214.9,86,36.53,198.2,89,16.85,170.8,139,7.69,8.2,5,2.21,0,False,592.1000000000001,319,63.28,0.1699860400186133,2.4988372093023257,0.4247674418604651,0.08501513622603432,2.2269662921348314,0.18932584269662922,0.04502341920374707,1.2287769784172662,0.05532374100719425,0.10687383887856779,1.8561128526645772,0.19836990595611287,0.36294544840398574,0.577275600505689,0.03579707113419053,0
MS,155,408,No,No,0,163.0,93,27.71,203.9,102,17.33,159.0,109,7.15,15.1,4,4.08,2,False,541.0,308,56.269999999999996,0.17,1.7526881720430108,0.29795698924731184,0.08499264345267286,1.9990196078431373,0.16990196078431372,0.0449685534591195,1.4587155963302751,0.06559633027522936,0.10401109057301293,1.7564935064935066,0.1826948051948052,0.30129390018484287,0.4924471299093656,0.04157326437604784,0
ME,105,408,No,No,0,115.5,73,19.64,267.3,83,22.72,114.2,90,5.14,13.3,5,3.59,3,False,510.3,251,51.09,0.17004329004329005,1.582191780821918,0.269041095890411,0.08499812944257389,3.2204819277108436,0.2737349397590361,0.04500875656742556,1.268888888888889,0.057111111111111106,0.10011757789535568,2.0330677290836654,0.20354581673306774,0.22633744855967078,0.3844196515952241,0.010979140775974675,0
IA,73,415,No,No,0,137.1,102,23.31,210.8,114,17.92,191.4,120,8.61,11.1,4,3.0,1,False,550.4,340,52.84,0.1700218818380744,1.3441176470588234,0.22852941176470587,0.08500948766603415,1.849122807017544,0.15719298245614036,0.04498432601880877,1.595,0.07175,0.0960029069767442,1.6188235294117646,0.15541176470588236,0.24909156976744187,0.4411430734292202,0.03989296267881272,0
NM,21,415,No,Yes,19,132.7,94,22.56,204.6,101,17.39,154.7,78,6.96,12.9,7,3.48,3,False,504.8999999999999,280,50.39,0.1700075357950264,1.4117021276595743,0.24,0.08499511241446726,2.0257425742574258,0.1721782178217822,0.044990303813833225,1.9833333333333332,0.08923076923076922,0.09980194097841158,1.8032142857142854,0.17996428571428572,0.2628243216478511,0.4477078785473308,0.012407164648234922,0
TX,71,415,No,Yes,39,183.2,103,31.14,209.4,111,17.8,172.4,109,7.76,11.9,6,3.21,1,False,576.9,329,59.91,0.16997816593886464,1.778640776699029,0.3023300970873786,0.08500477554918816,1.8864864864864865,0.16036036036036036,0.04501160092807424,1.581651376146789,0.07119266055045871,0.10384815392615704,1.7534954407294832,0.18209726443768995,0.31755936904142834,0.5197796695042565,0.029706771848391374,0
KY,112,415,No,No,0,170.5,113,28.99,193.2,129,16.42,188.0,91,8.46,11.2,6,3.02,0,False,562.9000000000001,339,56.89,0.17002932551319647,1.508849557522124,0.25654867256637165,0.08498964803312631,1.4976744186046511,0.12728682170542638,0.045000000000000005,2.065934065934066,0.09296703296703297,0.10106590868715579,1.6604719764011802,0.1678171091445428,0.30289571860010656,0.5095798910177535,0.021337550858951827,0
AZ,66,510,No,No,0,154.0,133,26.18,198.9,121,16.91,151.9,100,6.84,9.5,3,2.57,4,True,514.3,357,52.50000000000001,0.16999999999999998,1.1578947368421053,0.1968421052631579,0.08501759678230267,1.643801652892562,0.13975206611570248,0.04502962475312706,1.5190000000000001,0.0684,0.10208049776395102,1.4406162464985992,0.1470588235294118,0.2994361267742563,0.4986666666666666,0.902313493133265,1
TN,99,408,No,No,0,54.8,92,9.32,173.0,103,14.71,195.1,125,8.78,7.5,3,2.03,1,False,430.4,323,34.84,0.17007299270072995,0.5956521739130435,0.10130434782608697,0.08502890173410405,1.6796116504854368,0.14281553398058253,0.04500256278831368,1.5608,0.07024,0.08094795539033459,1.3325077399380805,0.10786377708978329,0.12732342007434944,0.26750861079219285,0.0425635310080387,0
WV,124,510,No,No,0,184.8,74,31.42,175.1,84,14.88,158.2,95,7.12,10.5,6,2.84,1,False,528.5999999999999,259,56.260000000000005,0.17002164502164502,2.4972972972972975,0.42459459459459464,0.08498001142204455,2.0845238095238097,0.17714285714285716,0.045006321112515804,1.6652631578947368,0.07494736842105264,0.10643208475217558,2.0409266409266404,0.21722007722007725,0.3496027241770716,0.5584784927124067,0.018591026531007932,0
CT,95,415,No,Yes,36,283.1,112,48.13,286.2,86,24.33,261.7,129,11.78,11.3,3,3.05,3,False,842.3,330,87.29,0.17001059696220416,2.5276785714285714,0.4297321428571429,0.0850104821802935,3.327906976744186,0.282906976744186,0.045013374092472296,2.0286821705426354,0.09131782945736433,0.10363290988958805,2.5524242424242423,0.26451515151515154,0.33610352605959876,0.5513804559514263,0.24676567798463656,0
NH,130,408,No,No,0,68.4,86,11.63,193.3,110,16.43,171.5,139,7.72,10.4,4,2.81,0,False,443.6,339,38.59,0.17002923976608186,0.7953488372093024,0.1352325581395349,0.0849974133471288,1.7572727272727273,0.14936363636363637,0.04501457725947522,1.2338129496402879,0.05553956834532374,0.08699278629395853,1.3085545722713865,0.11383480825958703,0.15419296663660956,0.30137341280124386,0.029216989414809484,0
MD,93,510,Yes,No,0,131.4,78,22.34,219.7,106,18.67,155.7,103,7.01,11.1,2,3.0,1,True,517.9,289,51.02,0.1700152207001522,1.6846153846153846,0.2864102564102564,0.08497951752389624,2.072641509433962,0.17613207547169812,0.04502247912652537,1.511650485436893,0.06805825242718447,0.0985132264916007,1.7920415224913493,0.17653979238754328,0.2537169337709983,0.43786750294002347,0.9130714451250909,1
WV,191,408,No,No,0,162.0,104,27.54,241.2,120,20.5,210.4,83,9.47,10.9,7,2.94,1,False,624.5,314,60.449999999999996,0.16999999999999998,1.5576923076923077,0.2648076923076923,0.08499170812603649,2.01,0.17083333333333334,0.045009505703422055,2.5349397590361447,0.11409638554216868,0.09679743795036028,1.9888535031847134,0.19251592356687897,0.2594075260208166,0.4555831265508685,0.015624744978420396,0
KY,88,415,No,No,0,148.2,82,25.19,308.7,67,26.24,235.4,79,10.59,6.4,4,1.73,2,False,698.6999999999999,232,63.74999999999999,0.1699730094466937,1.8073170731707315,0.3071951219512195,0.08500161969549724,4.607462686567164,0.3916417910447761,0.04498725573491928,2.979746835443038,0.1340506329113924,0.09124087591240876,3.0116379310344823,0.27478448275862066,0.2121082009446114,0.39513725490196083,0.013137060408299166,0
WY,16,415,No,No,0,174.7,83,29.7,280.8,122,23.87,171.7,80,7.73,10.5,8,2.84,5,False,637.7,293,64.14,0.1700057240984545,2.1048192771084335,0.3578313253012048,0.0850071225071225,2.3016393442622953,0.19565573770491804,0.04502038439138032,2.1462499999999998,0.096625,0.10058021013015524,2.1764505119453927,0.21890784982935155,0.27395326956249016,0.4630495790458372,0.02996137268105574,0
GA,107,510,No,No,0,194.5,97,33.07,186.3,131,15.84,178.3,106,8.02,12.7,1,3.43,2,False,571.8000000000001,335,60.35999999999999,0.17002570694087404,2.0051546391752577,0.3409278350515464,0.08502415458937197,1.4221374045801527,0.12091603053435114,0.04498037016264722,1.6820754716981132,0.07566037735849056,0.10556138509968518,1.7068656716417911,0.18017910447761193,0.3401538999650227,0.5478793903247184,0.037433828878588565,0
AK,96,408,No,Yes,29,150.0,91,25.5,159.4,75,13.55,228.1,55,10.26,8.5,3,2.3,1,False,546.0,224,51.60999999999999,0.17,1.6483516483516483,0.2802197802197802,0.08500627352572146,2.1253333333333333,0.18066666666666667,0.04498027181060938,4.147272727272727,0.18654545454545454,0.09452380952380951,2.4375,0.23040178571428568,0.27472527472527475,0.49409029257895765,0.01642119233262696,0
CT,163,408,No,Yes,40,231.9,56,39.42,211.8,91,18.0,268.5,74,12.08,12.3,3,3.32,2,False,724.5,224,72.82,0.16998706338939198,4.141071428571428,0.7039285714285715,0.08498583569405099,2.3274725274725276,0.1978021978021978,0.04499068901303538,3.6283783783783785,0.16324324324324324,0.10051069703243615,3.234375,0.3250892857142857,0.32008281573498965,0.5413347981323813,0.02460387529289914,0
OR,95,415,No,No,0,269.0,120,45.73,233.7,120,19.86,179.3,61,8.07,7.3,4,1.97,2,True,689.3,305,75.63,0.16999999999999998,2.2416666666666667,0.38108333333333333,0.08498074454428756,1.9475,0.1655,0.04500836586726157,2.9393442622950823,0.13229508196721312,0.10972000580298855,2.26,0.2479672131147541,0.390250979254316,0.604654237736348,0.8786686746319913,1
OK,123,415,No,Yes,27,198.7,127,33.78,249.0,105,21.17,173.2,124,7.79,12.5,5,3.38,1,False,633.4,361,66.12,0.17000503271263212,1.5645669291338582,0.26598425196850395,0.08502008032128515,2.3714285714285714,0.20161904761904764,0.044976905311778295,1.396774193548387,0.06282258064516129,0.10438901168298075,1.7545706371191134,0.18315789473684213,0.3137038206504578,0.5108892921960072,0.04761706147134518,0
MA,34,415,No,No,0,293.7,89,49.93,272.5,71,23.16,178.2,76,8.02,11.0,10,2.97,2,True,755.4000000000001,246,84.08,0.1700034048348655,3.3,0.5610112359550562,0.0849908256880734,3.8380281690140845,0.3261971830985915,0.04500561167227834,2.344736842105263,0.10552631578947368,0.1113052687317977,3.0707317073170737,0.34178861788617887,0.38880063542494037,0.5938392007611798,0.9943337302711547,1
DE,96,415,No,Yes,26,175.8,96,29.89,206.6,84,17.56,178.0,105,8.01,11.1,2,3.0,2,False,571.5,287,58.46,0.17002275312855517,1.83125,0.31135416666666665,0.08499515972894482,2.4595238095238097,0.20904761904761904,0.045,1.6952380952380952,0.07628571428571429,0.10229221347331584,1.9912891986062717,0.20369337979094077,0.30761154855643047,0.5112897707834416,0.025222995068667906,0
OH,146,415,No,No,0,169.5,93,28.82,230.9,71,19.63,269.8,115,12.14,9.0,7,2.43,2,False,679.2,286,63.02,0.17002949852507374,1.8225806451612903,0.30989247311827955,0.08501515807708965,3.252112676056338,0.2764788732394366,0.04499629355077835,2.3460869565217393,0.10556521739130435,0.09278563015312132,2.374825174825175,0.22034965034965037,0.2495583038869258,0.4573151380514122,0.028875284775029344,0
ID,138,415,Yes,Yes,17,225.2,116,38.28,173.4,88,14.74,145.8,99,6.56,11.7,4,3.16,0,False,556.1000000000001,307,62.74000000000001,0.1699822380106572,1.9413793103448276,0.33,0.08500576701268743,1.9704545454545455,0.1675,0.04499314128943758,1.4727272727272729,0.06626262626262626,0.11282143499370616,1.8114006514657985,0.20436482084690558,0.4049631361265958,0.6101370736372329,0.02666546537370709,0
MO,76,510,No,No,0,129.7,84,22.05,177.5,80,15.09,228.9,87,10.3,7.5,3,2.03,5,True,543.6,254,49.47,0.17000771010023133,1.544047619047619,0.2625,0.08501408450704226,2.21875,0.188625,0.04499781564001748,2.6310344827586207,0.11839080459770115,0.09100441501103752,2.1401574803149606,0.19476377952755905,0.23859455481972036,0.44572468162522744,0.8919600528305368,1
NC,83,510,No,Yes,36,95.9,87,16.3,261.6,105,22.24,228.6,109,10.29,13.3,4,3.59,0,False,599.4,305,52.42,0.16996871741397288,1.1022988505747127,0.18735632183908046,0.08501529051987766,2.4914285714285715,0.21180952380952378,0.04501312335958005,2.097247706422018,0.09440366972477063,0.08745412078745413,1.9652459016393442,0.1718688524590164,0.15999332665999333,0.3109500190766883,0.031582663825346406,0
HI,104,408,No,No,0,170.6,97,29.0,162.1,111,13.78,210.7,131,9.48,6.1,1,1.65,1,False,549.5,340,53.910000000000004,0.16998827667057445,1.7587628865979381,0.29896907216494845,0.08500925354719309,1.4603603603603603,0.12414414414414414,0.04499288087327955,1.6083969465648853,0.07236641221374046,0.0981073703366697,1.6161764705882353,0.15855882352941178,0.31046405823475887,0.5379335930254127,0.017302146664494332,0
NJ,106,415,No,No,0,191.4,124,32.54,200.7,116,17.06,230.1,76,10.35,8.2,3,2.21,1,False,630.4000000000001,319,62.16,0.17001044932079415,1.5435483870967743,0.26241935483870965,0.08500249128051819,1.7301724137931034,0.14706896551724136,0.044980443285528034,3.0276315789473682,0.1361842105263158,0.09860406091370556,1.976175548589342,0.194858934169279,0.3036167512690355,0.5234877734877735,0.02894652635182917,0
MS,84,510,No,No,0,75.3,96,12.8,179.9,113,15.29,193.8,134,8.72,12.3,1,3.32,1,False,461.3,344,40.13,0.16998671978751662,0.7843749999999999,0.13333333333333333,0.08499166203446358,1.5920353982300885,0.13530973451327433,0.04499484004127967,1.446268656716418,0.06507462686567164,0.08699327986126165,1.3409883720930234,0.11665697674418606,0.16323433774116625,0.3189633690505856,0.041413934899830696,0
MN,99,408,No,No,0,128.8,86,21.9,203.9,105,17.33,282.6,131,12.72,14.1,4,3.81,2,False,629.4000000000001,326,55.76,0.1700310559006211,1.4976744186046513,0.25465116279069766,0.08499264345267286,1.941904761904762,0.16504761904761903,0.04501061571125265,2.1572519083969466,0.09709923664122137,0.08859231013663806,1.930674846625767,0.17104294478527607,0.2046393390530664,0.39275466284074606,0.03210580492473632,0
RI,134,415,No,No,0,141.7,95,24.09,205.6,101,17.48,218.5,60,9.83,8.8,6,2.38,0,False,574.5999999999999,262,53.78,0.17000705716302048,1.491578947368421,0.25357894736842107,0.08501945525291829,2.0356435643564357,0.17306930693069308,0.044988558352402744,3.6416666666666666,0.16383333333333333,0.09359554472676647,2.1931297709923663,0.20526717557251908,0.24660633484162897,0.4479360357010041,0.019982857246531097,0
NJ,80,415,No,No,0,268.7,120,45.68,301.0,147,25.59,167.0,140,7.52,5.8,1,1.57,2,True,742.5,408,80.35999999999999,0.17000372162262747,2.2391666666666667,0.38066666666666665,0.08501661129568107,2.0476190476190474,0.17408163265306123,0.04502994011976048,1.1928571428571428,0.053714285714285714,0.1082289562289562,1.8198529411764706,0.19696078431372546,0.36188552188552187,0.5684420109507219,0.9508076788452583,1
MN,85,415,No,No,0,255.3,114,43.4,194.6,83,16.54,276.6,78,12.45,3.7,5,1.0,3,False,730.2,280,73.39,0.1699960830395613,2.2394736842105263,0.3807017543859649,0.08499486125385405,2.344578313253012,0.19927710843373492,0.04501084598698481,3.5461538461538464,0.1596153846153846,0.10050671049027664,2.607857142857143,0.26210714285714287,0.3496302382908792,0.5913612208747786,0.5879464528866373,1
WI,120,408,No,Yes,26,239.4,94,40.7,259.4,88,22.05,238.0,132,10.71,7.7,3,2.08,0,False,744.5,317,75.54,0.17000835421888055,2.546808510638298,0.43297872340425536,0.08500385505011566,2.9477272727272723,0.2505681818181818,0.045000000000000005,1.803030303030303,0.08113636363636365,0.10146406984553392,2.3485804416403786,0.23829652996845427,0.3215580926796508,0.5387873974053482,0.030936316285157528,0
KS,120,510,No,No,0,158.0,110,26.86,197.0,103,16.75,154.9,132,6.97,10.0,5,2.7,1,False,519.9,350,53.28,0.16999999999999998,1.4363636363636363,0.24418181818181817,0.0850253807106599,1.912621359223301,0.16262135922330098,0.044996772111039376,1.1734848484848486,0.0528030303030303,0.10248124639353723,1.4854285714285713,0.15222857142857144,0.3039045970378919,0.5041291291291291,0.016642444910028645,0
NJ,125,415,No,No,0,182.3,64,30.99,139.8,121,11.88,171.6,96,7.72,11.6,7,3.13,2,False,505.30000000000007,288,53.72,0.16999451453647832,2.8484375,0.48421875,0.08497854077253218,1.1553719008264465,0.09818181818181819,0.04498834498834499,1.7874999999999999,0.08041666666666666,0.1063130813378191,1.7545138888888892,0.18652777777777776,0.3607757767662774,0.5768801191362621,0.008627345711673867,0
ND,118,415,No,Yes,39,91.5,125,15.56,219.9,113,18.69,229.0,99,10.31,12.7,8,3.43,2,False,553.1,345,47.99,0.1700546448087432,0.732,0.12448000000000001,0.08499317871759891,1.9460176991150444,0.16539823008849558,0.04502183406113537,2.313131313131313,0.10414141414141415,0.08676550352558307,1.6031884057971015,0.13910144927536233,0.16543120593021152,0.3242342154615545,0.022658862114879868,0
WY,62,415,No,No,0,172.4,132,29.31,230.5,100,19.59,228.2,109,10.27,11.0,5,2.97,0,False,642.0999999999999,346,62.14,0.17001160092807424,1.3060606060606061,0.22204545454545455,0.08498915401301518,2.305,0.1959,0.04500438212094654,2.093577981651376,0.09422018348623853,0.09677620308363184,1.855780346820809,0.17959537572254336,0.2684940040492136,0.4716768587061474,0.034756641583310155,0
LA,112,510,No,No,0,174.5,127,29.67,259.3,71,22.04,170.5,120,7.67,11.3,7,3.05,1,False,615.5999999999999,325,62.43,0.17002865329512895,1.374015748031496,0.2336220472440945,0.08499807173158502,3.6521126760563383,0.3104225352112676,0.04498533724340176,1.4208333333333334,0.06391666666666666,0.1014132553606238,1.8941538461538459,0.1920923076923077,0.2834632878492528,0.4752522825564633,0.01726068492391648,0
AL,68,510,No,No,0,157.3,83,26.74,220.9,85,18.78,218.9,129,9.85,12.0,7,3.24,1,False,609.1,304,58.61,0.16999364272091544,1.8951807228915665,0.3221686746987952,0.0850158442734269,2.598823529411765,0.22094117647058825,0.044997715851987204,1.6968992248062016,0.07635658914728682,0.09622393695616482,2.0036184210526318,0.19279605263157895,0.25824987686750944,0.45623613717795597,0.021563800058478785,0
TX,201,415,No,Yes,21,192.0,97,32.64,239.1,81,20.32,116.1,125,5.22,15.1,3,4.08,1,False,562.3000000000001,306,62.26,0.17,1.9793814432989691,0.33649484536082475,0.0849853617733166,2.9518518518518517,0.2508641975308642,0.04496124031007752,0.9288,0.04176,0.11072381291125732,1.8375816993464054,0.2034640522875817,0.3414547394629201,0.5242531320269836,0.03652943401603041,0
AR,116,510,No,No,0,160.7,69,27.32,146.8,106,12.48,287.8,144,12.95,8.2,5,2.21,0,False,603.5,324,54.96,0.17000622277535782,2.3289855072463768,0.39594202898550723,0.08501362397820163,1.3849056603773586,0.11773584905660378,0.04499652536483669,1.9986111111111111,0.08993055555555556,0.09106876553438277,1.8626543209876543,0.16962962962962963,0.2662800331400165,0.49708879184861715,0.023516500102488395,0
GA,133,510,No,No,0,227.4,90,38.66,73.2,135,6.22,114.3,99,5.14,4.7,7,1.27,0,False,419.6,331,51.29,0.1700087950747581,2.526666666666667,0.4295555555555555,0.0849726775956284,0.5422222222222223,0.04607407407407407,0.044969378827646546,1.1545454545454545,0.051919191919191914,0.12223546234509056,1.2676737160120846,0.1549546827794562,0.5419447092469017,0.7537531682589198,0.009730607777230045,0
KY,125,408,No,No,0,191.6,115,32.57,205.6,108,17.48,210.2,123,9.46,9.2,3,2.48,2,False,616.6,349,61.989999999999995,0.16998956158663883,1.666086956521739,0.2832173913043478,0.08501945525291829,1.9037037037037037,0.16185185185185186,0.045004757373929595,1.7089430894308941,0.07691056910569107,0.10053519299383716,1.7667621776504299,0.17762177650429797,0.31073629581576384,0.5254073237618971,0.029142624602488894,0
NE,21,510,No,No,0,225.0,110,38.25,244.2,111,20.76,221.2,93,9.95,10.7,4,2.89,0,False,701.1,318,71.85000000000001,0.17,2.0454545454545454,0.3477272727272727,0.08501228501228503,2.1999999999999997,0.18702702702702703,0.04498191681735986,2.378494623655914,0.10698924731182795,0.10248181429182714,2.2047169811320755,0.22594339622641513,0.3209242618741977,0.5323590814196242,0.23863533920224295,0
ND,110,408,No,No,0,196.1,103,33.34,199.7,123,16.97,135.9,71,6.12,12.9,1,3.48,3,False,544.5999999999999,298,59.91,0.17001529831718512,1.903883495145631,0.3236893203883495,0.08497746619929895,1.6235772357723577,0.13796747967479675,0.045033112582781455,1.9140845070422536,0.08619718309859155,0.11000734484024974,1.8275167785234896,0.20104026845637582,0.360080793242747,0.556501418794859,0.019186570699967473,0
NH,83,415,No,No,0,231.3,100,39.32,210.4,84,17.88,217.4,106,9.78,12.4,2,3.35,3,False,671.5,292,70.33,0.1699956766104626,2.313,0.3932,0.08498098859315589,2.5047619047619047,0.21285714285714286,0.04498620055197792,2.050943396226415,0.09226415094339623,0.10473566641846611,2.2996575342465753,0.24085616438356164,0.3444527177959792,0.559078629318925,0.07682620118879573,0
IN,101,415,No,Yes,42,209.2,82,35.56,159.7,74,13.57,181.6,100,8.17,9.5,3,2.57,0,False,560.0,259,59.870000000000005,0.16998087954110902,2.551219512195122,0.4336585365853659,0.08497182216656231,2.158108108108108,0.1833783783783784,0.04498898678414097,1.8159999999999998,0.0817,0.10691071428571429,2.1621621621621623,0.2311583011583012,0.37357142857142855,0.5939535660597962,0.024081010884952975,0
OR,117,415,No,Yes,17,221.3,82,37.62,167.6,100,14.25,262.7,87,11.82,4.4,4,1.19,0,False,655.9999999999999,273,64.88,0.16999548124717576,2.698780487804878,0.458780487804878,0.08502386634844869,1.676,0.1425,0.0449942900647126,3.0195402298850573,0.13586206896551725,0.09890243902439025,2.4029304029304024,0.23765567765567763,0.3373475609756098,0.5798397040690506,0.012723357079970276,0
OH,127,408,No,No,0,139.6,94,23.73,240.9,112,20.48,127.1,88,5.72,8.8,4,2.38,2,False,516.4,298,52.31,0.16998567335243553,1.4851063829787234,0.2524468085106383,0.0850145288501453,2.1508928571428574,0.18285714285714286,0.04500393391030685,1.4443181818181818,0.065,0.10129744384198297,1.7328859060402684,0.17553691275167785,0.2703330751355538,0.4536417510992162,0.012140993289993789,0
KS,138,510,No,Yes,26,183.9,83,31.26,240.7,93,20.46,185.7,125,8.36,15.0,3,4.05,1,False,625.3,304,64.13,0.1699836867862969,2.2156626506024097,0.3766265060240964,0.08500207727461571,2.5881720430107524,0.22,0.04501884760366182,1.4855999999999998,0.06688,0.10255877178954102,2.0569078947368418,0.21095394736842105,0.29409883256037106,0.48744737252455955,0.057252095454289074,0
TX,120,415,No,No,0,203.3,108,34.56,259.9,66,22.09,115.9,103,5.22,7.8,2,2.11,3,False,586.9,279,63.980000000000004,0.16999508116084605,1.8824074074074075,0.32,0.0849942285494421,3.9378787878787875,0.3346969696969697,0.0450388265746333,1.125242718446602,0.050679611650485436,0.1090134605554609,2.103584229390681,0.22931899641577064,0.34639631964559553,0.5401688027508597,0.016492208376340918,0
DC,141,415,No,Yes,37,185.4,87,31.52,178.5,128,15.17,218.3,107,9.82,8.0,3,2.16,4,False,590.2,325,58.67,0.17001078748651563,2.1310344827586207,0.3622988505747126,0.0849859943977591,1.39453125,0.118515625,0.04498396701786532,2.0401869158878507,0.09177570093457944,0.09940698068451372,1.816,0.18052307692307692,0.31413080311758723,0.5372422021476052,0.3951192720200671,0
OR,87,510,No,Yes,22,240.8,102,40.94,75.9,106,6.45,224.6,115,10.11,7.1,3,1.92,2,False,548.4000000000001,326,59.42,0.17001661129568105,2.3607843137254902,0.40137254901960784,0.08498023715415019,0.7160377358490566,0.060849056603773585,0.045013357079252005,1.9530434782608694,0.08791304347826086,0.10835156819839532,1.6822085889570555,0.18226993865030675,0.43909555069292483,0.6889936048468529,0.017033781045789214,0
WA,97,408,No,No,0,276.1,82,46.94,201.1,106,17.09,231.3,73,10.41,8.9,4,2.4,0,True,717.4,265,76.84,0.17001086562839549,3.3670731707317074,0.5724390243902439,0.08498259572352064,1.8971698113207547,0.16122641509433963,0.045006485084306096,3.168493150684932,0.1426027397260274,0.1071090047393365,2.7071698113207545,0.2899622641509434,0.38486200167270707,0.6108797501301405,0.9299513574369345,1
NC,162,408,No,Yes,26,179.7,144,30.55,218.1,129,18.54,212.3,105,9.55,9.3,8,2.51,1,True,619.3999999999999,386,61.15,0.17000556483027268,1.2479166666666666,0.21215277777777777,0.08500687757909216,1.6906976744186046,0.14372093023255814,0.044983513895430996,2.021904761904762,0.09095238095238097,0.09872457216661287,1.604663212435233,0.15841968911917098,0.29011947045527936,0.49959116925592806,0.02091251606016987,0
TX,119,510,No,No,0,81.9,75,13.92,253.8,114,21.57,213.1,125,9.59,8.9,1,2.4,2,True,557.7,315,47.48,0.16996336996336994,1.092,0.1856,0.08498817966903073,2.2263157894736842,0.18921052631578947,0.045002346316283436,1.7047999999999999,0.07672,0.08513537744306973,1.7704761904761905,0.15073015873015871,0.14685314685314685,0.29317607413647856,0.022771656217422716,0
WI,107,510,No,Yes,25,248.6,91,42.26,119.3,115,10.14,194.3,83,8.74,12.0,1,3.24,1,False,574.2,290,64.38,0.16999195494770716,2.731868131868132,0.4643956043956044,0.08499580888516346,1.037391304347826,0.08817391304347827,0.04498198661863098,2.3409638554216867,0.10530120481927711,0.11212121212121211,1.9800000000000002,0.22199999999999998,0.43295019157088116,0.6564150357253805,0.014958998351466008,0
SC,140,510,No,Yes,28,157.1,77,26.71,172.4,97,14.65,184.5,94,8.3,11.1,9,3.0,1,False,525.1,277,52.66,0.17001909611712288,2.04025974025974,0.3468831168831169,0.0849767981438515,1.777319587628866,0.15103092783505154,0.04498644986449865,1.9627659574468086,0.08829787234042553,0.10028565987430964,1.8956678700361012,0.19010830324909747,0.2991811083603123,0.5072161033042157,0.014826613849621608,0
SD,91,415,No,No,0,153.0,123,26.01,141.1,127,11.99,171.5,76,7.72,10.3,15,2.78,1,True,475.90000000000003,341,48.5,0.17,1.2439024390243902,0.21146341463414636,0.08497519489723601,1.111023622047244,0.09440944881889764,0.04501457725947522,2.2565789473684212,0.10157894736842105,0.10191216642151711,1.395601173020528,0.14222873900293256,0.3214961126287035,0.5362886597938145,0.006782796418466846,0
OH,135,415,No,No,0,218.8,123,37.2,242.8,64,20.64,85.8,80,3.86,10.3,3,2.78,4,False,557.6999999999999,270,64.48,0.170018281535649,1.7788617886178864,0.30243902439024395,0.08500823723228995,3.79375,0.3225,0.04498834498834499,1.0725,0.04825,0.11561771561771564,2.065555555555555,0.23881481481481484,0.3923256230948539,0.576923076923077,0.04914354663186091,0
HI,86,408,No,Yes,21,197.9,99,33.64,165.6,100,14.08,208.0,120,9.36,10.1,9,2.73,0,False,581.6,328,59.809999999999995,0.16998484082870136,1.998989898989899,0.3397979797979798,0.08502415458937199,1.656,0.1408,0.045,1.7333333333333334,0.078,0.10283700137551581,1.773170731707317,0.18234756097560975,0.34026822558459424,0.5624477512121719,0.01447305782231874,0
KY,131,415,No,No,0,166.5,129,28.31,210.2,107,17.87,257.2,93,11.57,9.9,5,2.67,1,False,643.8,334,60.42,0.17003003003003003,1.2906976744186047,0.21945736434108526,0.08501427212178878,1.964485981308411,0.16700934579439253,0.044984447900466566,2.7655913978494624,0.12440860215053763,0.09384902143522834,1.9275449101796407,0.1808982035928144,0.25862068965517243,0.4685534591194968,0.02670572907482079,0
OH,86,415,No,Yes,29,225.4,79,38.32,187.1,112,15.9,281.1,112,12.65,12.9,3,3.48,1,False,706.5,306,70.35000000000001,0.17000887311446317,2.8531645569620254,0.4850632911392405,0.08498129342597542,1.6705357142857142,0.1419642857142857,0.04500177872643187,2.5098214285714286,0.11294642857142857,0.09957537154989385,2.3088235294117645,0.22990196078431374,0.31903750884642607,0.5447050461975834,0.030049416590694628,0
AL,85,415,No,No,0,210.3,66,35.75,195.8,76,16.64,221.6,82,9.97,11.2,7,3.02,1,False,638.9000000000001,231,65.38,0.16999524488825488,3.1863636363636365,0.5416666666666666,0.08498467824310521,2.5763157894736843,0.21894736842105264,0.04499097472924188,2.7024390243902436,0.12158536585365855,0.10233213335420252,2.765800865800866,0.283030303030303,0.3291594928783847,0.5468033037626185,0.022731961562020214,0
VT,195,415,No,Yes,36,231.7,110,39.39,225.1,88,19.13,201.7,89,9.08,12.1,2,3.27,0,False,670.6,289,70.86999999999999,0.1700043159257661,2.1063636363636364,0.35809090909090907,0.08498445135495335,2.5579545454545456,0.21738636363636363,0.0450173525037184,2.2662921348314606,0.10202247191011236,0.10568147927229345,2.320415224913495,0.24522491349480965,0.34551148225469724,0.5558064060956682,0.021053071415785215,0
ND,177,408,No,No,0,189.5,99,32.22,176.3,117,14.99,225.9,112,10.17,14.2,2,3.83,1,False,605.9000000000001,330,61.21,0.1700263852242744,1.9141414141414141,0.32545454545454544,0.08502552467385138,1.506837606837607,0.12811965811965811,0.0450199203187251,2.0169642857142858,0.09080357142857143,0.1010232711668592,1.8360606060606064,0.18548484848484847,0.31275788083842215,0.5263845776833851,0.02605071429698509,0
WA,100,408,No,No,0,70.8,94,12.04,215.6,102,18.33,230.8,125,10.39,9.5,1,2.57,6,True,526.7,322,43.33,0.17005649717514124,0.7531914893617021,0.1280851063829787,0.08501855287569572,2.1137254901960785,0.17970588235294116,0.04501733102253033,1.8464,0.08312,0.08226694513005504,1.635714285714286,0.13456521739130434,0.1344218720334156,0.2778675282714055,0.9782281779923556,1
CT,124,415,No,No,0,131.8,82,22.41,284.3,119,24.17,305.5,101,13.75,11.3,2,3.05,1,False,732.9,304,63.379999999999995,0.17003034901365705,1.6073170731707318,0.2732926829268293,0.08501582835033415,2.389075630252101,0.203109243697479,0.045008183306055646,3.0247524752475248,0.13613861386138615,0.08647837358439077,2.410855263157895,0.20848684210526314,0.17983353799972712,0.35358157147365105,0.025632387542585233,0
DE,81,510,Yes,No,0,250.6,85,42.6,187.9,50,15.97,120.3,131,5.41,7.8,5,2.11,1,False,566.5999999999999,271,66.09,0.16999201915403034,2.948235294117647,0.5011764705882353,0.08499201703033528,3.758,0.3194,0.04497090606816293,0.9183206106870229,0.041297709923664126,0.11664313448641019,2.0907749077490774,0.24387453874538748,0.44228732792093195,0.6445755787562415,0.11278787566131268,0
HI,105,415,No,No,0,281.3,124,47.82,301.5,96,25.63,202.8,109,9.13,8.7,3,2.35,0,True,794.3,332,84.92999999999999,0.16999644507643086,2.268548387096774,0.38564516129032256,0.08500829187396351,3.140625,0.26697916666666666,0.045019723865877714,1.8605504587155965,0.08376146788990826,0.10692433589323933,2.3924698795180723,0.25581325301204816,0.3541483066851316,0.5630519251148005,0.9949350783063948,1
MI,126,415,Yes,Yes,26,129.3,123,21.98,176.5,114,15.0,154.5,102,6.95,9.6,7,2.59,1,False,469.90000000000003,346,46.52000000000001,0.16999226604795048,1.051219512195122,0.17869918699186993,0.08498583569405099,1.5482456140350878,0.13157894736842105,0.04498381877022654,1.5147058823529411,0.06813725490196079,0.09899978718876358,1.358092485549133,0.13445086705202314,0.2751649287082358,0.4724849527085124,0.0172726621965679,0
ND,71,510,No,No,0,238.0,82,40.46,278.5,94,23.67,193.1,134,8.69,11.8,10,3.19,0,True,721.4,320,76.00999999999999,0.17,2.902439024390244,0.49341463414634146,0.08499102333931778,2.9627659574468086,0.2518085106382979,0.04500258933195236,1.441044776119403,0.06485074626865671,0.10536456889381757,2.254375,0.23753124999999997,0.3299140560022179,0.5322983817918696,0.792868653540829,1
NE,139,415,No,No,0,211.1,103,35.89,206.9,108,17.59,193.9,70,8.73,5.6,4,1.51,0,False,617.5,285,63.720000000000006,0.1700142112742776,2.049514563106796,0.3484466019417476,0.08501691638472691,1.9157407407407407,0.16287037037037036,0.04502320783909232,2.77,0.12471428571428572,0.10319028340080973,2.1666666666666665,0.22357894736842107,0.34186234817813765,0.5632454488386691,0.018914395950670928,0
NE,77,415,No,No,0,169.4,102,28.8,184.9,144,15.72,234.3,89,10.54,2.0,7,0.54,1,False,590.6,342,55.6,0.17001180637544275,1.6607843137254903,0.2823529411764706,0.08501892915089238,1.2840277777777778,0.10916666666666668,0.044985061886470334,2.6325842696629214,0.11842696629213482,0.09414155096512021,1.7269005847953216,0.16257309941520467,0.2868269556383339,0.5179856115107914,0.014051342309676777,0
KY,72,408,No,No,0,177.1,97,30.11,184.7,105,15.7,174.1,94,7.83,8.0,6,2.16,1,False,543.9,302,55.8,0.17001693958215697,1.8257731958762886,0.3104123711340206,0.08500270709258256,1.759047619047619,0.1495238095238095,0.04497415278575532,1.852127659574468,0.08329787234042553,0.10259238830667403,1.8009933774834437,0.18476821192052978,0.3256113256113256,0.5396057347670251,0.028955708809250334,0
KS,74,415,No,Yes,32,174.6,107,29.68,310.6,115,26.4,234.7,92,10.56,9.0,4,2.43,1,False,728.9000000000001,318,69.07000000000001,0.1699885452462772,1.6317757009345795,0.27738317757009345,0.08499678042498389,2.7008695652173915,0.22956521739130434,0.04499360886237751,2.551086956521739,0.11478260869565218,0.09475922623130745,2.2921383647798743,0.21720125786163524,0.23953903141720398,0.42970899087881853,0.009061028619110064,0
ND,124,415,No,No,0,150.3,101,25.55,255.9,112,21.75,136.7,62,6.15,12.5,4,3.38,2,False,555.4000000000001,279,56.83,0.16999334664005322,1.4881188118811883,0.252970297029703,0.08499413833528723,2.2848214285714286,0.19419642857142858,0.04498902706656913,2.204838709677419,0.09919354838709678,0.10232265034209577,1.9906810035842297,0.20369175627240144,0.27061577241627655,0.4495864860109098,0.02346418981658576,0
KY,113,408,No,Yes,20,157.8,83,26.83,161.5,56,13.73,271.5,100,12.22,8.7,2,2.35,5,True,599.5,241,55.13,0.1700253485424588,1.9012048192771085,0.32325301204819273,0.085015479876161,2.8839285714285716,0.24517857142857144,0.045009208103130756,2.715,0.1222,0.09195996663886573,2.487551867219917,0.22875518672199172,0.2632193494578816,0.48666787592962085,0.1784671458241679,0
ME,66,510,No,No,0,118.0,133,20.06,248.1,99,21.09,214.4,122,9.65,5.3,5,1.43,1,False,585.8,359,52.23,0.16999999999999998,0.8872180451127819,0.15082706766917292,0.08500604594921403,2.506060606060606,0.21303030303030304,0.04500932835820896,1.757377049180328,0.0790983606557377,0.0891601229088426,1.6317548746518105,0.14548746518105848,0.201433936497098,0.38407045759142255,0.01420663478234938,0
MT,124,415,No,Yes,30,144.5,35,24.57,262.3,101,22.3,226.5,82,10.19,12.0,7,3.24,2,False,645.3,225,60.300000000000004,0.17003460207612456,4.128571428571429,0.702,0.08501715592832634,2.597029702970297,0.2207920792079208,0.04498896247240618,2.7621951219512195,0.12426829268292683,0.09344490934449094,2.868,0.268,0.22392685572601892,0.40746268656716417,0.005168501784071861,0
IL,134,408,No,No,0,183.8,111,31.25,123.5,92,10.5,160.7,105,7.23,6.1,2,1.65,1,False,474.1,310,50.63,0.17002176278563655,1.655855855855856,0.28153153153153154,0.08502024291497975,1.3423913043478262,0.11413043478260869,0.04499066583696329,1.5304761904761903,0.06885714285714287,0.10679181607255853,1.5293548387096776,0.1633225806451613,0.3876819236448007,0.6172229903219435,0.00975402259596677,0
ME,41,415,No,Yes,30,191.7,109,32.59,193.0,86,16.41,149.4,93,6.72,11.1,4,3.0,1,False,545.2,292,58.72,0.17000521648408976,1.7587155963302752,0.29899082568807345,0.08502590673575129,2.244186046511628,0.1908139534883721,0.044979919678714855,1.6064516129032258,0.07225806451612903,0.10770359501100513,1.867123287671233,0.2010958904109589,0.3516140865737344,0.5550068119891008,0.03055257703775257,0
SC,159,415,No,Yes,23,153.6,93,26.11,216.9,88,18.44,161.3,91,7.26,12.6,3,3.4,2,False,544.4,275,55.209999999999994,0.16998697916666666,1.6516129032258065,0.280752688172043,0.08501613646841863,2.4647727272727273,0.20954545454545456,0.045009299442033475,1.7725274725274727,0.07978021978021978,0.10141440117560617,1.9796363636363636,0.20076363636363634,0.28214548126377664,0.47292157217895314,0.03164123932364268,0
IL,87,408,Yes,Yes,36,171.2,138,29.1,185.8,102,15.79,227.6,97,10.24,10.8,3,2.92,1,False,595.4,340,58.050000000000004,0.1699766355140187,1.2405797101449274,0.2108695652173913,0.08498385360602798,1.8215686274509806,0.15480392156862743,0.04499121265377856,2.3463917525773197,0.10556701030927836,0.09749748068525362,1.7511764705882353,0.17073529411764707,0.2875377897211958,0.5012919896640827,0.049958901311700915,0
WA,132,415,No,No,0,240.1,115,40.82,180.4,91,15.33,133.4,122,6.0,8.0,6,2.16,3,False,561.9,334,64.31,0.1700124947938359,2.0878260869565217,0.35495652173913045,0.08497782705099778,1.9824175824175825,0.16846153846153847,0.04497751124437781,1.0934426229508196,0.04918032786885246,0.11445096992347394,1.6823353293413172,0.19254491017964073,0.42730023135789286,0.6347379878712486,0.03331165752446972,0
NE,86,408,No,No,0,83.8,121,14.25,240.2,96,20.42,158.6,108,7.14,6.7,8,1.81,1,False,489.3,333,43.620000000000005,0.17004773269689738,0.6925619834710743,0.11776859504132231,0.08501248959200668,2.502083333333333,0.21270833333333336,0.045018915510718786,1.4685185185185186,0.0661111111111111,0.08914776210913551,1.4693693693693695,0.130990990990991,0.17126507255262619,0.32668500687757906,0.013562823596345397,0
IL,55,415,Yes,No,0,269.6,121,45.83,171.7,91,14.59,219.0,98,9.86,8.2,6,2.21,1,False,668.5,316,72.49,0.16999258160237388,2.2280991735537192,0.3787603305785124,0.08497379149679675,1.8868131868131868,0.16032967032967033,0.04502283105022831,2.2346938775510203,0.10061224489795918,0.10843679880329095,2.115506329113924,0.22939873417721518,0.40329094988780856,0.6322251345013106,0.2644311587040516,0
VT,101,415,No,No,0,136.2,92,23.15,220.9,110,18.78,196.9,116,8.86,13.3,7,3.59,3,False,567.3,325,54.379999999999995,0.16997063142437593,1.4804347826086954,0.25163043478260866,0.0850158442734269,2.0081818181818183,0.17072727272727273,0.04499746063991874,1.6974137931034483,0.07637931034482758,0.09585757095011457,1.7455384615384615,0.1673230769230769,0.24008461131676362,0.4257079808753218,0.01711707430528242,0
KS,94,408,No,No,0,269.2,104,45.76,193.8,144,16.47,257.6,61,11.59,8.9,2,2.4,3,True,729.5,311,76.22,0.1699851411589896,2.588461538461538,0.44,0.084984520123839,1.3458333333333334,0.11437499999999999,0.044992236024844715,4.222950819672132,0.19,0.10448252227553119,2.3456591639871385,0.24508038585209002,0.36901987662782726,0.600367357648911,0.9222158051635642,1
ND,68,408,No,No,0,219.6,97,37.33,141.1,144,11.99,205.7,101,9.26,10.8,4,2.92,2,False,577.1999999999999,346,61.5,0.16999089253187613,2.263917525773196,0.38484536082474224,0.08497519489723601,0.9798611111111111,0.08326388888888889,0.04501701507049101,2.0366336633663367,0.09168316831683168,0.10654885654885655,1.668208092485549,0.1777456647398844,0.3804573804573805,0.6069918699186991,0.015062320046279156,0
CO,98,408,No,No,0,236.2,122,40.15,189.4,110,16.1,153.6,104,6.91,13.3,4,3.59,0,False,592.5,340,66.75,0.1699830651989839,1.9360655737704917,0.3290983606557377,0.08500527983104542,1.721818181818182,0.1463636363636364,0.04498697916666667,1.4769230769230768,0.06644230769230769,0.11265822784810127,1.7426470588235294,0.1963235294117647,0.39864978902953585,0.601498127340824,0.03264278027458868,0
TX,123,408,No,No,0,260.9,85,44.35,168.5,103,14.32,178.3,91,8.02,13.3,5,3.59,3,False,621.0,284,70.28,0.16998850134151017,3.0694117647058823,0.5217647058823529,0.08498516320474778,1.6359223300970873,0.13902912621359223,0.04498037016264722,1.9593406593406595,0.08813186813186813,0.11317230273752013,2.186619718309859,0.24746478873239436,0.4201288244766505,0.6310472396129767,0.058586170365465845,0
CA,111,408,No,No,0,249.8,109,42.47,242.4,106,20.6,231.8,78,10.43,11.6,4,3.13,0,True,735.6,297,76.63,0.1700160128102482,2.291743119266055,0.38963302752293577,0.08498349834983498,2.2867924528301886,0.19433962264150945,0.04499568593615185,2.971794871794872,0.1337179487179487,0.10417346383904295,2.4767676767676767,0.258013468013468,0.3395867319195215,0.5542215842359389,0.8427915318722696,1
MS,69,510,No,Yes,27,268.8,78,45.7,246.6,89,20.96,271.9,102,12.24,16.4,3,4.43,0,False,803.6999999999999,272,83.32999999999998,0.17001488095238096,3.4461538461538463,0.5858974358974359,0.08499594484995945,2.7707865168539327,0.2355056179775281,0.04501655020228026,2.6656862745098038,0.12,0.1036829662809506,2.9547794117647057,0.306360294117647,0.3344531541620008,0.5484219368774752,0.12098032944254251,0
RI,127,415,No,Yes,27,140.1,59,23.82,223.4,111,18.99,257.9,73,11.61,3.8,10,1.03,1,False,625.1999999999999,253,55.45,0.17002141327623127,2.3745762711864407,0.40372881355932205,0.08500447627573858,2.0126126126126125,0.17108108108108105,0.045017448623497484,3.532876712328767,0.15904109589041096,0.08869161868202177,2.4711462450592885,0.2191699604743083,0.22408829174664108,0.4295761947700631,0.0028908130414011415,0
NM,105,415,No,No,0,193.7,108,32.93,183.2,124,15.57,293.7,72,13.22,10.8,5,2.92,1,False,681.3999999999999,309,64.64,0.17000516262261228,1.7935185185185185,0.3049074074074074,0.08498908296943232,1.4774193548387096,0.12556451612903227,0.045011916922029285,4.079166666666667,0.1836111111111111,0.09486351628999122,2.2051779935275078,0.20919093851132686,0.2842676841796302,0.5094368811881188,0.04094775253551445,0
VA,75,415,No,No,0,224.7,116,38.2,192.0,79,16.32,212.2,98,9.55,11.3,11,3.05,3,False,640.1999999999999,304,67.12,0.17000445037828218,1.9370689655172413,0.32931034482758625,0.085,2.430379746835443,0.20658227848101265,0.04500471253534402,2.1653061224489796,0.09744897959183674,0.1048422368009997,2.1059210526315786,0.22078947368421054,0.35098406747891286,0.5691299165673421,0.029998176941785408,0
TX,126,415,No,No,0,190.9,143,32.45,149.7,72,12.72,191.4,87,8.61,13.0,3,3.51,1,False,545.0,305,57.29,0.16998428496595078,1.334965034965035,0.22692307692307695,0.08496993987975952,2.0791666666666666,0.17666666666666667,0.04498432601880877,2.2,0.09896551724137931,0.10511926605504587,1.7868852459016393,0.1878360655737705,0.3502752293577982,0.5664164775702566,0.021221790423430704,0
NM,41,415,No,No,0,232.1,74,39.46,327.1,88,27.8,226.5,119,10.19,10.9,2,2.94,3,True,796.6,283,80.39,0.17001292546316243,3.1364864864864863,0.5332432432432432,0.08498929990828492,3.7170454545454548,0.3159090909090909,0.04498896247240618,1.903361344537815,0.08563025210084033,0.10091639467737885,2.8148409893992934,0.2840636042402827,0.29136329399949784,0.4908570717750964,0.94176128011034,1
RI,113,415,No,No,0,90.6,130,15.4,170.6,100,14.5,137.4,74,6.18,5.4,9,1.46,1,False,404.0,313,37.54,0.16997792494481237,0.6969230769230769,0.11846153846153847,0.08499413833528723,1.706,0.145,0.044978165938864625,1.8567567567567569,0.08351351351351351,0.09292079207920792,1.29073482428115,0.11993610223642172,0.22425742574257423,0.41022908897176347,0.023226039184689337,0
NY,78,510,No,No,0,152.9,81,25.99,256.6,82,21.81,173.6,112,7.81,5.3,6,1.43,2,False,588.4,281,57.04,0.1699803793328973,1.8876543209876544,0.3208641975308642,0.08499610288386593,3.129268292682927,0.2659756097560975,0.04498847926267281,1.55,0.06973214285714285,0.09694085656016316,2.093950177935943,0.20298932384341636,0.25985723997280763,0.45564516129032256,0.009090241247129687,0
WA,110,415,No,No,0,241.2,105,41.0,174.3,85,14.82,245.3,59,11.04,8.5,4,2.3,2,False,669.3,253,69.16,0.16998341625207297,2.297142857142857,0.3904761904761905,0.08502581755593804,2.050588235294118,0.1743529411764706,0.04500611496127191,4.157627118644068,0.1871186440677966,0.10333183923502166,2.645454545454545,0.2733596837944664,0.3603765127745406,0.5928282244071718,0.060454273153748676,0
NE,112,415,Yes,Yes,16,200.3,72,34.05,197.8,91,16.81,151.1,92,6.8,10.4,3,2.81,1,False,559.6,258,60.47,0.16999500748876684,2.7819444444444446,0.47291666666666665,0.08498483316481294,2.173626373626374,0.18472527472527472,0.04500330906684315,1.642391304347826,0.07391304347826087,0.10805932809149392,2.1689922480620156,0.2343798449612403,0.35793423874195857,0.5630891351083182,0.020891876683558786,0
ID,104,510,No,No,0,97.2,88,16.52,155.6,85,13.23,261.6,105,11.77,12.4,5,3.35,0,False,526.8000000000001,283,44.87,0.1699588477366255,1.1045454545454545,0.18772727272727271,0.08502570694087404,1.8305882352941176,0.15564705882352942,0.044992354740061156,2.4914285714285715,0.1120952380952381,0.08517463933181471,1.8614840989399295,0.1585512367491166,0.18451025056947606,0.36817472698907955,0.025271643705720576,0
WV,127,510,No,No,0,224.3,112,38.13,185.7,103,15.78,159.4,83,7.17,10.0,1,2.7,2,False,579.4,299,63.78000000000001,0.16999554168524297,2.0026785714285715,0.3404464285714286,0.08497576736672052,1.8029126213592233,0.15320388349514563,0.04498117942283563,1.9204819277108434,0.0863855421686747,0.11007939247497413,1.937792642140468,0.2133110367892977,0.387124611667242,0.5978363123236123,0.040100344544541214,0
NE,61,408,No,No,0,267.1,104,45.41,180.4,131,15.33,230.6,106,10.38,17.3,4,4.67,1,True,695.4,345,75.78999999999999,0.17001123174840882,2.568269230769231,0.43663461538461534,0.08497782705099778,1.3770992366412214,0.11702290076335878,0.04501300954032958,2.1754716981132076,0.0979245283018868,0.10898763301696865,2.0156521739130433,0.21968115942028985,0.38409548461317233,0.5991555614197124,0.49434701034362033,0
RI,65,415,No,Yes,29,215.5,129,36.64,161.9,77,13.76,128.3,91,5.77,8.8,5,2.38,2,False,514.5,302,58.550000000000004,0.1700232018561485,1.6705426356589148,0.284031007751938,0.08499073502161827,2.102597402597403,0.1787012987012987,0.04497272018706157,1.40989010989011,0.0634065934065934,0.11379980563654034,1.7036423841059603,0.1938741721854305,0.41885325558794945,0.6257899231426132,0.04703420056927837,0
CT,152,408,No,Yes,20,239.1,105,40.65,209.1,111,17.77,268.2,130,12.07,13.3,3,3.59,5,False,729.6999999999999,349,74.08000000000001,0.17001254705144292,2.277142857142857,0.3871428571428571,0.08498326159732185,1.8837837837837836,0.1600900900900901,0.045003728560775544,2.063076923076923,0.09284615384615384,0.10152117308482941,2.0908309455587393,0.21226361031518629,0.32766890502946416,0.548731101511879,0.09815565214844965,0
RI,63,415,Yes,No,0,62.9,112,10.69,202.9,111,17.25,259.0,58,11.66,8.9,8,2.4,1,False,533.6999999999999,289,41.99999999999999,0.16995230524642288,0.5616071428571429,0.09544642857142857,0.08501724987678659,1.827927927927928,0.1554054054054054,0.04501930501930502,4.4655172413793105,0.20103448275862068,0.07869589657110736,1.8467128027681659,0.14532871972318337,0.1178564736743489,0.25452380952380954,0.027861422668638454,0
IA,100,408,No,No,0,210.9,85,35.85,329.3,69,27.99,127.1,78,5.72,9.4,5,2.54,4,False,676.7,237,72.10000000000001,0.16998577524893316,2.4811764705882355,0.42176470588235293,0.0849984816276951,4.7724637681159425,0.4056521739130435,0.04500393391030685,1.6294871794871795,0.07333333333333333,0.1065464755430767,2.855274261603376,0.30421940928270047,0.3116595241613713,0.49722607489597775,0.025266378327853892,0
MS,29,510,No,No,0,313.2,103,53.24,216.3,151,18.39,218.4,106,9.83,12.8,4,3.46,2,True,760.6999999999999,364,84.91999999999999,0.1699872286079183,3.0407766990291263,0.5168932038834951,0.08502080443828017,1.4324503311258279,0.12178807947019868,0.04500915750915751,2.060377358490566,0.09273584905660377,0.11163402129617457,2.0898351648351645,0.23329670329670327,0.41172604180360195,0.6269430051813473,0.9827312393783776,1
ME,175,415,No,No,0,132.0,95,22.44,231.2,74,19.65,313.4,108,14.1,8.7,10,2.35,1,False,685.3,287,58.540000000000006,0.17,1.3894736842105264,0.23621052631578948,0.08499134948096886,3.1243243243243244,0.26554054054054055,0.04499042756860243,2.9018518518518515,0.13055555555555556,0.08542244272581352,2.3878048780487804,0.20397212543554008,0.1926163723916533,0.3833276392210454,0.012314553170609177,0
MS,98,415,Yes,Yes,23,245.5,54,41.74,292.7,83,24.88,184.0,90,8.28,10.8,7,2.92,1,False,733.0,234,77.82000000000001,0.170020366598778,4.546296296296297,0.772962962962963,0.08500170823368637,3.5265060240963853,0.29975903614457833,0.045,2.0444444444444443,0.092,0.10616643929058664,3.1324786324786325,0.33256410256410257,0.334924965893588,0.5363659727576459,0.10421647997054298,0
VA,121,415,No,No,0,134.1,112,22.8,195.1,104,16.58,159.6,139,7.18,10.5,2,2.84,2,False,499.29999999999995,357,49.39999999999999,0.17002237136465326,1.1973214285714284,0.20357142857142857,0.08498206048180419,1.8759615384615385,0.15942307692307692,0.0449874686716792,1.1482014388489208,0.0516546762589928,0.09893851391948727,1.3985994397759103,0.138375350140056,0.26857600640897256,0.4615384615384616,0.028026256725506606,0
PA,104,415,No,No,0,144.5,107,24.57,180.5,85,15.34,226.0,94,10.17,17.0,6,4.59,2,False,568.0,292,54.67,0.17003460207612456,1.3504672897196262,0.22962616822429907,0.08498614958448754,2.123529411764706,0.1804705882352941,0.045,2.404255319148936,0.10819148936170213,0.09625,1.9452054794520548,0.18722602739726027,0.25440140845070425,0.4494238156209987,0.03148413994170715,0
NE,123,415,No,No,0,150.0,98,25.5,89.8,95,7.63,326.0,91,14.67,11.1,3,3.0,3,False,576.9,287,50.800000000000004,0.17,1.530612244897959,0.2602040816326531,0.08496659242761692,0.9452631578947368,0.08031578947368422,0.045,3.5824175824175826,0.1612087912087912,0.08805685560755765,2.010104529616725,0.1770034843205575,0.26001040041601664,0.5019685039370079,0.028983501317081665,0
MI,61,415,No,Yes,33,270.7,53,46.02,200.7,116,17.06,201.7,102,9.08,10.9,3,2.94,3,False,683.9999999999999,274,75.1,0.17000369412633914,5.107547169811321,0.8683018867924529,0.08500249128051819,1.7301724137931034,0.14706896551724136,0.0450173525037184,1.9774509803921567,0.08901960784313726,0.1097953216374269,2.496350364963503,0.2740875912408759,0.3957602339181287,0.6127829560585887,0.04016629779444526,0
MD,160,415,No,No,0,256.0,111,43.52,187.4,61,15.93,119.1,81,5.36,11.5,4,3.11,3,False,574.0,257,67.92,0.17,2.3063063063063063,0.3920720720720721,0.08500533617929562,3.0721311475409836,0.26114754098360654,0.045004198152812765,1.4703703703703703,0.06617283950617284,0.11832752613240419,2.2334630350194553,0.26428015564202334,0.445993031358885,0.64075382803298,0.047651897401459496,0
AR,153,408,No,No,0,154.6,56,26.28,263.0,84,22.36,367.7,89,16.55,15.5,2,4.19,1,False,800.8,231,69.38,0.16998706338939198,2.7607142857142857,0.4692857142857143,0.0850190114068441,3.130952380952381,0.2661904761904762,0.04500951862931738,4.131460674157303,0.18595505617977529,0.08663836163836164,3.4666666666666663,0.3003463203463203,0.19305694305694307,0.3787835110982993,0.14507196229673272,0
FL,31,510,No,No,0,165.4,84,28.12,203.7,107,17.31,201.7,65,9.08,8.2,1,2.21,1,False,579.0,257,56.72,0.17001209189842806,1.9690476190476192,0.33476190476190476,0.0849779086892489,1.9037383177570093,0.16177570093457944,0.0450173525037184,3.103076923076923,0.1396923076923077,0.09796200345423144,2.252918287937743,0.22070038910505835,0.2856649395509499,0.49576868829337095,0.03128272316565644,0
KY,122,415,No,No,0,168.3,96,28.61,87.6,91,7.45,247.2,87,11.12,8.4,6,2.27,1,False,511.5,280,49.45,0.16999405822935232,1.753125,0.29802083333333335,0.08504566210045662,0.9626373626373625,0.08186813186813187,0.04498381877022654,2.8413793103448275,0.127816091954023,0.09667644183773216,1.8267857142857142,0.17660714285714288,0.32903225806451614,0.5785642062689585,0.013651205942706133,0
IN,46,415,No,Yes,34,191.4,102,32.54,361.8,96,30.75,147.5,132,6.64,7.2,2,1.94,1,False,707.9000000000001,332,71.86999999999999,0.17001044932079415,1.8764705882352941,0.31901960784313727,0.08499170812603649,3.7687500000000003,0.3203125,0.04501694915254237,1.1174242424242424,0.0503030303030303,0.1015256392145783,2.132228915662651,0.21647590361445782,0.2703771719169374,0.4527619312647837,0.01188343394356239,0
FL,103,415,No,No,0,158.7,90,26.98,198.4,117,16.86,181.1,76,8.15,10.5,4,2.84,1,False,548.7,287,54.83,0.17000630119722748,1.7633333333333332,0.2997777777777778,0.08497983870967742,1.6957264957264957,0.14410256410256408,0.04500276090557703,2.3828947368421054,0.10723684210526316,0.09992710041917258,1.9118466898954705,0.19104529616724739,0.28922908693275007,0.4920663870144082,0.02627569866885082,0
IL,68,415,Yes,Yes,29,195.5,113,33.24,171.6,96,14.59,204.0,85,9.18,13.5,9,3.65,1,True,584.6,303,60.66,0.17002557544757035,1.7300884955752212,0.29415929203539826,0.08502331002331003,1.7874999999999999,0.15197916666666667,0.045,2.4,0.108,0.10376325692781388,1.9293729372937294,0.20019801980198018,0.3344166951761888,0.5479723046488626,0.9084408058894641,1
AL,149,415,No,Yes,20,264.4,102,44.95,219.6,123,18.67,200.4,89,9.02,11.3,3,3.05,2,False,695.6999999999999,317,75.69,0.17000756429652045,2.5921568627450977,0.44068627450980397,0.08501821493624773,1.7853658536585366,0.15178861788617887,0.045009980039920156,2.251685393258427,0.10134831460674157,0.10879689521345408,2.1946372239747634,0.23876971608832806,0.3800488716400747,0.5938697318007663,0.04760758660520247,0
MT,102,408,No,No,0,273.2,85,46.44,211.1,82,17.94,203.7,129,9.17,13.1,7,3.54,2,True,701.1,303,77.09,0.16998535871156661,3.2141176470588233,0.5463529411764706,0.08498342018000948,2.574390243902439,0.21878048780487808,0.04501718213058419,1.5790697674418603,0.07108527131782946,0.109955783768364,2.313861386138614,0.25442244224422444,0.38967337041791467,0.6024127643014657,0.8866593315903889,1
WI,153,510,No,No,0,159.5,103,27.12,275.5,90,23.42,176.7,126,7.95,10.1,2,2.73,1,True,621.8000000000001,321,61.220000000000006,0.17003134796238245,1.5485436893203883,0.2633009708737864,0.08500907441016335,3.061111111111111,0.26022222222222224,0.04499151103565365,1.4023809523809523,0.0630952380952381,0.09845609520746221,1.937071651090343,0.1907165109034268,0.2565133483435188,0.44299248611564845,0.016367643628254026,0
NY,122,510,No,No,0,145.6,102,24.75,284.7,111,24.2,228.2,91,10.27,12.2,5,3.29,0,False,670.7,309,62.51,0.16998626373626374,1.427450980392157,0.2426470588235294,0.08500175623463295,2.5648648648648646,0.218018018018018,0.04500438212094654,2.5076923076923077,0.11285714285714285,0.09320113314447591,2.1705501618122978,0.2022977346278317,0.21708662591322497,0.39593665013597823,0.021672368041256666,0
WY,127,510,Yes,No,0,247.5,99,42.08,108.5,118,9.22,232.0,72,10.44,10.6,3,2.86,2,False,598.6,292,64.6,0.17002020202020202,2.5,0.425050505050505,0.08497695852534563,0.9194915254237288,0.07813559322033899,0.045,3.2222222222222223,0.145,0.10791847644503841,2.0500000000000003,0.22123287671232875,0.413464751085867,0.6513931888544892,0.04952201966439635,0
NY,126,415,Yes,No,0,239.7,87,40.75,281.7,92,23.94,183.5,113,8.26,11.4,1,3.08,1,True,716.3,293,76.03,0.17000417188151856,2.7551724137931033,0.46839080459770116,0.08498402555910543,3.0619565217391305,0.26021739130434784,0.04501362397820163,1.6238938053097345,0.07309734513274337,0.10614267764902975,2.444709897610921,0.2594880546075085,0.3346363255619154,0.5359726423780087,0.9961148885312027,1
CO,90,408,No,No,0,109.9,102,18.68,220.8,114,18.77,104.0,133,4.68,10.9,6,2.94,0,False,445.6,355,45.07,0.16997270245677887,1.0774509803921568,0.18313725490196078,0.08500905797101449,1.936842105263158,0.16464912280701754,0.045,0.7819548872180451,0.035187969924812025,0.10114452423698383,1.255211267605634,0.12695774647887323,0.24663375224416517,0.4144663856223652,0.019569379658000697,0
CA,37,510,No,No,0,239.9,120,40.78,261.6,88,22.24,207.1,88,9.32,8.9,4,2.4,2,True,717.5,300,74.74000000000001,0.16998749478949562,1.9991666666666668,0.3398333333333333,0.08501529051987766,2.972727272727273,0.2527272727272727,0.045002414292612265,2.353409090909091,0.10590909090909091,0.1041672473867596,2.3916666666666666,0.24913333333333337,0.33435540069686415,0.5456248327535456,0.7338471394856715,1
CO,132,415,No,No,0,197.8,66,33.63,133.9,119,11.38,177.3,94,7.98,10.9,3,2.94,4,True,519.9000000000001,282,55.93000000000001,0.17002022244691609,2.996969696969697,0.5095454545454546,0.08498879761015683,1.1252100840336134,0.09563025210084035,0.045008460236886635,1.8861702127659576,0.0848936170212766,0.10757838045778034,1.843617021276596,0.19833333333333336,0.3804577803423735,0.6012873234400142,0.4253417977882607,0
KY,38,408,No,Yes,36,115.4,98,19.62,166.2,83,14.13,184.7,79,8.31,15.2,6,4.1,2,False,481.5,266,46.160000000000004,0.17001733102253033,1.1775510204081634,0.20020408163265307,0.08501805054151626,2.0024096385542167,0.1702409638554217,0.044991878722252306,2.337974683544304,0.10518987341772153,0.09586708203530635,1.8101503759398496,0.17353383458646618,0.23966770508826585,0.4250433275563258,0.012840121740383742,0
ID,92,415,No,No,0,197.2,113,33.52,242.3,116,20.6,192.0,76,8.64,11.0,5,2.97,2,False,642.5,310,65.73,0.1699797160243408,1.7451327433628319,0.29663716814159297,0.08501857201815931,2.088793103448276,0.17758620689655175,0.045000000000000005,2.526315789473684,0.11368421052631579,0.1023035019455253,2.0725806451612905,0.21203225806451614,0.3069260700389105,0.5099650083675643,0.0379220185342012,0
HI,111,408,No,Yes,13,193.1,104,32.83,111.6,98,9.49,227.4,94,10.23,12.1,4,3.27,1,False,544.2,300,55.82,0.17001553599171412,1.856730769230769,0.3156730769230769,0.08503584229390682,1.1387755102040815,0.09683673469387755,0.044986807387862794,2.4191489361702128,0.10882978723404256,0.10257258360896729,1.814,0.18606666666666666,0.3548327820654171,0.5881404514510927,0.015125317936900586,0
TX,121,415,No,Yes,31,263.1,70,44.73,279.3,118,23.74,127.1,143,5.72,9.7,4,2.62,5,False,679.2000000000002,335,76.81,0.17001140250855185,3.758571428571429,0.6389999999999999,0.08499820981023988,2.366949152542373,0.2011864406779661,0.04500393391030685,0.8888111888111888,0.04,0.11308892815076559,2.0274626865671648,0.22928358208955224,0.38736749116607766,0.5823460486915766,0.08551300986251867,0
GA,131,408,No,No,0,197.0,79,33.49,201.0,114,17.09,151.2,111,6.8,11.6,5,3.13,1,False,560.8000000000001,309,60.51,0.17,2.4936708860759493,0.42392405063291144,0.08502487562189055,1.763157894736842,0.14991228070175439,0.04497354497354498,1.362162162162162,0.06126126126126126,0.10789942938659057,1.814886731391586,0.1958252427184466,0.351283880171184,0.55346223764667,0.05237544821636799,0
ME,19,415,No,No,0,201.5,123,34.26,129.2,110,10.98,220.6,98,9.93,12.9,4,3.48,1,False,564.1999999999999,335,58.64999999999999,0.17002481389578164,1.6382113821138211,0.27853658536585363,0.08498452012383902,1.1745454545454543,0.09981818181818182,0.04501359927470535,2.2510204081632654,0.10132653061224489,0.10395249911378944,1.6841791044776118,0.17507462686567163,0.3571428571428572,0.5841432225063939,0.017125394851777494,0
OH,135,415,No,No,0,173.4,107,29.48,222.0,84,18.87,64.2,94,2.89,13.7,6,3.7,1,False,473.29999999999995,291,54.940000000000005,0.17001153402537486,1.6205607476635515,0.2755140186915888,0.085,2.642857142857143,0.22464285714285714,0.04501557632398754,0.6829787234042554,0.03074468085106383,0.11607859708430174,1.6264604810996561,0.18879725085910654,0.3663638284386225,0.5365853658536585,0.012580024993320893,0
TN,129,408,No,No,0,101.4,145,17.24,249.1,116,21.17,157.6,107,7.09,7.1,6,1.92,1,False,515.2,374,47.42,0.1700197238658777,0.6993103448275862,0.11889655172413792,0.08498594941790447,2.147413793103448,0.18250000000000002,0.04498730964467005,1.4728971962616821,0.06626168224299066,0.0920419254658385,1.3775401069518718,0.1267914438502674,0.1968167701863354,0.36355967946014334,0.0197250668120597,0
VT,142,415,No,No,0,232.5,74,39.53,181.8,142,15.45,203.1,86,9.14,10.4,6,2.81,4,False,627.8,308,66.93,0.17002150537634408,3.141891891891892,0.5341891891891892,0.08498349834983497,1.2802816901408451,0.10880281690140844,0.04500246184145741,2.3616279069767443,0.10627906976744186,0.10661038547308062,2.0383116883116883,0.21730519480519483,0.3703408728894553,0.5906170626027192,0.024048520566619488,0
MD,130,415,No,Yes,45,174.5,120,29.67,217.5,95,18.49,220.3,67,9.91,12.2,2,3.29,1,False,624.5,284,61.35999999999999,0.17002865329512895,1.4541666666666666,0.24725000000000003,0.08501149425287356,2.289473684210526,0.1946315789473684,0.04498411257376305,3.2880597014925375,0.14791044776119402,0.09825460368294635,2.198943661971831,0.21605633802816898,0.27942353883106485,0.48353976531942644,0.02147354832754664,0
NE,92,415,No,No,0,181.4,98,30.84,164.5,98,13.98,171.0,110,7.69,10.9,4,2.94,2,False,527.8,310,55.449999999999996,0.17001102535832413,1.8510204081632653,0.3146938775510204,0.08498480243161094,1.6785714285714286,0.1426530612244898,0.04497076023391813,1.5545454545454545,0.0699090909090909,0.1050587343690792,1.7025806451612902,0.17887096774193548,0.3436907919666541,0.5561767357980163,0.052670813473445224,0
WY,146,415,No,Yes,11,180.7,82,30.72,173.7,90,14.76,231.5,89,10.42,10.1,4,2.73,2,False,596.0,265,58.629999999999995,0.170005534034311,2.203658536585366,0.3746341463414634,0.0849740932642487,1.93,0.164,0.04501079913606911,2.601123595505618,0.11707865168539326,0.0983724832214765,2.249056603773585,0.2212452830188679,0.3031879194630872,0.5239638410370118,0.022832995260068663,0
WV,152,510,Yes,Yes,41,146.8,128,24.96,285.6,96,24.28,213.6,80,9.61,4.3,2,1.16,1,True,650.3,306,60.01,0.17002724795640325,1.146875,0.195,0.0850140056022409,2.975,0.2529166666666667,0.044990636704119846,2.67,0.120125,0.09228048592957097,2.1251633986928105,0.1961111111111111,0.2257419652468092,0.41593067822029667,0.6537111465420556,1
MS,189,415,No,No,0,227.8,124,38.73,169.5,112,14.41,201.1,91,9.05,5.6,4,1.51,3,False,604.0,331,63.699999999999996,0.17001755926251094,1.8370967741935484,0.31233870967741933,0.08501474926253687,1.5133928571428572,0.1286607142857143,0.045002486325211345,2.20989010989011,0.09945054945054946,0.10546357615894039,1.8247734138972809,0.19244712990936555,0.37715231788079473,0.6080062794348509,0.023040416762931018,0
OH,95,415,No,Yes,23,160.3,87,27.25,202.4,101,17.2,191.1,122,8.6,7.4,3,2.0,0,False,561.2,313,55.050000000000004,0.16999376169681846,1.842528735632184,0.3132183908045977,0.08498023715415019,2.003960396039604,0.17029702970297028,0.04500261643118786,1.5663934426229509,0.07049180327868852,0.09809337134711332,1.79297124600639,0.1758785942492013,0.2856379187455453,0.4950045413260672,0.018505514977944747,0
AK,1,408,No,No,0,175.2,74,29.78,151.7,79,12.89,230.5,109,10.37,5.3,3,1.43,1,False,562.6999999999999,265,54.47,0.16997716894977172,2.3675675675675674,0.40243243243243243,0.0849703361898484,1.9202531645569618,0.16316455696202534,0.04498915401301518,2.114678899082569,0.09513761467889907,0.09680113737337837,2.1233962264150943,0.20554716981132076,0.31135596232450685,0.5467229667706995,0.02461068796781045,0
IN,141,415,No,Yes,39,116.9,127,19.87,276.5,88,23.5,289.9,125,13.05,12.3,2,3.32,0,False,695.5999999999999,342,59.74,0.16997433704020531,0.9204724409448819,0.15645669291338585,0.08499095840867993,3.1420454545454546,0.26704545454545453,0.045015522593997936,2.3192,0.1044,0.08588269120184015,2.0339181286549706,0.17467836257309943,0.16805635422656703,0.3326079678607298,0.008422855154474659,0
WA,111,510,No,No,0,152.2,114,25.87,137.2,102,11.66,185.9,97,8.37,9.8,3,2.65,0,False,485.09999999999997,316,48.55,0.1699737187910644,1.3350877192982455,0.2269298245614035,0.08498542274052479,1.3450980392156862,0.11431372549019608,0.0450242065626681,1.9164948453608248,0.08628865979381442,0.10008245722531436,1.535126582278481,0.1536392405063291,0.31374974232117087,0.5328527291452112,0.01581054217809153,0
RI,143,408,No,No,0,167.8,72,28.53,211.0,99,17.94,153.5,109,6.91,10.5,6,2.84,4,True,542.8,286,56.22,0.1700238379022646,2.3305555555555557,0.39625,0.08502369668246446,2.1313131313131315,0.1812121212121212,0.045016286644951144,1.408256880733945,0.06339449541284403,0.10357406042741342,1.8979020979020977,0.19657342657342658,0.3091378039793663,0.5074706510138741,0.2843388692494621,0
AL,148,415,No,Yes,21,262.9,135,44.69,149.5,96,12.71,140.5,109,6.32,8.1,4,2.19,1,False,561.0,344,65.91,0.1699885888170407,1.9474074074074073,0.331037037037037,0.08501672240802677,1.5572916666666667,0.13239583333333335,0.044982206405693954,1.2889908256880733,0.05798165137614679,0.11748663101604277,1.630813953488372,0.19159883720930232,0.4686274509803921,0.6780458200576543,0.010751721212230017,0
MT,143,408,No,Yes,22,141.8,116,24.11,167.3,99,14.22,178.1,130,8.01,7.8,3,2.11,1,False,495.00000000000006,348,48.449999999999996,0.17002820874471083,1.2224137931034484,0.2078448275862069,0.084997011356844,1.68989898989899,0.14363636363636365,0.04497473329590118,1.3699999999999999,0.061615384615384614,0.09787878787878786,1.4224137931034484,0.13922413793103447,0.2864646464646465,0.4976264189886481,0.024019938934875775,0
NM,90,415,No,No,0,167.5,96,28.48,139.1,104,11.82,138.4,87,6.23,13.0,1,3.51,1,False,458.0,288,50.04,0.17002985074626867,1.7447916666666667,0.2966666666666667,0.08497483824586628,1.3375,0.11365384615384616,0.045014450867052025,1.5908045977011496,0.07160919540229886,0.10925764192139738,1.5902777777777777,0.17375,0.36572052401746724,0.5691446842525979,0.014801136062680213,0
OH,169,408,No,No,0,147.2,115,25.02,161.9,123,13.76,142.1,103,6.39,7.2,6,1.94,3,False,458.40000000000003,347,47.11,0.16997282608695652,1.2799999999999998,0.21756521739130436,0.08499073502161827,1.3162601626016261,0.11186991869918698,0.04496833216045039,1.3796116504854368,0.06203883495145631,0.10277050610820243,1.3210374639769453,0.1357636887608069,0.3211169284467713,0.5310974315431968,0.024163837062560832,0
LA,53,415,No,No,0,145.1,116,24.67,233.7,82,19.86,208.7,95,9.39,7.9,5,2.13,2,False,595.4,298,56.050000000000004,0.17002067539627844,1.2508620689655172,0.21267241379310348,0.08498074454428756,2.8499999999999996,0.2421951219512195,0.044992812649736466,2.196842105263158,0.0988421052631579,0.09413839435673498,1.997986577181208,0.18808724832214765,0.24370171313402755,0.44014272970561996,0.02110641611282593,0
MO,15,415,No,No,0,135.2,101,22.98,152.5,79,12.96,224.8,83,10.12,8.4,5,2.27,2,False,520.9,268,48.33,0.16997041420118345,1.3386138613861385,0.22752475247524753,0.08498360655737705,1.9303797468354431,0.1640506329113924,0.04501779359430604,2.708433734939759,0.12192771084337349,0.09278172393933577,1.9436567164179104,0.1803358208955224,0.25955077750047995,0.4754810676598386,0.020038530064369318,0
DC,123,408,No,Yes,28,124.7,105,21.2,250.4,78,21.28,216.4,128,9.74,7.8,8,2.11,1,False,599.3,319,54.330000000000005,0.17000801924619086,1.1876190476190476,0.2019047619047619,0.08498402555910543,3.2102564102564104,0.27282051282051284,0.045009242144177446,1.690625,0.07609375,0.0906557650592358,1.8786833855799372,0.17031347962382448,0.20807608877023195,0.39020798822013614,0.011584535757881988,0
TN,95,510,No,No,0,174.0,57,29.58,281.1,118,23.89,197.2,94,8.87,9.7,2,2.62,0,False,662.0,271,64.96,0.16999999999999998,3.0526315789473686,0.5189473684210526,0.08498754891497687,2.382203389830509,0.20245762711864407,0.04497971602434077,2.097872340425532,0.09436170212765957,0.09812688821752265,2.4428044280442807,0.23970479704797046,0.2628398791540785,0.45535714285714285,0.024545631011763727,0
WA,82,510,No,No,0,265.2,122,45.08,178.7,102,15.19,174.7,90,7.86,10.7,9,2.89,2,False,629.3,323,71.02,0.16998491704374058,2.1737704918032787,0.36950819672131147,0.08500279798545048,1.7519607843137255,0.14892156862745098,0.044991413852318266,1.941111111111111,0.08733333333333333,0.11285555378992532,1.948297213622291,0.21987616099071206,0.4214206260924837,0.6347507744297382,0.1353051800741508,0
RI,180,415,No,No,0,143.3,134,24.36,180.5,113,15.34,184.2,87,8.29,10.1,4,2.73,1,False,518.1,338,50.72,0.16999302163293786,1.069402985074627,0.1817910447761194,0.08498614958448754,1.5973451327433628,0.13575221238938054,0.04500542888165038,2.117241379310345,0.09528735632183907,0.09789615904265585,1.5328402366863907,0.15005917159763313,0.27658753136460146,0.4802839116719243,0.023779488769112886,0
RI,125,408,No,No,0,113.0,108,19.21,169.2,107,14.38,156.6,61,7.05,9.2,5,2.48,2,True,447.99999999999994,281,43.12,0.17,1.0462962962962963,0.17787037037037037,0.08498817966903074,1.5813084112149531,0.13439252336448598,0.045019157088122604,2.5672131147540984,0.11557377049180327,0.09625,1.5943060498220638,0.15345195729537367,0.2522321428571429,0.44550092764378485,0.020502838006787042,0
OR,138,415,Yes,Yes,28,211.2,117,35.9,312.5,98,26.56,178.0,118,8.01,10.7,2,2.89,3,True,712.4000000000001,335,73.36,0.1699810606060606,1.805128205128205,0.3068376068376068,0.084992,3.188775510204082,0.2710204081632653,0.045,1.5084745762711864,0.06788135593220339,0.10297585626052778,2.1265671641791046,0.21898507462686567,0.296462661426165,0.4893675027262813,0.8167466074540101,1
MA,90,408,No,No,0,157.9,72,26.84,234.0,93,19.89,210.0,86,9.45,12.2,5,3.29,2,False,614.1,256,59.470000000000006,0.16998100063331223,2.1930555555555555,0.37277777777777776,0.085,2.5161290322580645,0.21387096774193548,0.045,2.441860465116279,0.10988372093023255,0.09684090539000163,2.398828125,0.23230468750000002,0.25712424686533136,0.4513199932739196,0.02764313555462555,0
NC,190,408,No,No,0,182.2,101,30.97,212.3,95,18.05,233.0,123,10.49,9.3,4,2.51,2,False,636.8,323,62.019999999999996,0.16997804610318332,1.8039603960396038,0.30663366336633663,0.08502119642016015,2.234736842105263,0.19,0.045021459227467815,1.8943089430894309,0.08528455284552845,0.09739321608040201,1.971517027863777,0.19201238390092878,0.28611809045226133,0.49935504675910997,0.03396196776718064,0
IA,143,510,No,Yes,33,141.4,130,24.04,186.4,114,15.84,210.0,111,9.45,7.7,6,2.08,1,False,545.5,361,51.41,0.17001414427157,1.0876923076923077,0.1849230769230769,0.08497854077253218,1.6350877192982456,0.13894736842105262,0.045,1.8918918918918919,0.08513513513513513,0.09424381301558203,1.5110803324099722,0.14240997229916896,0.25921173235563705,0.46761330480451274,0.03524188727635014,0
IL,183,510,No,No,0,108.3,87,18.41,183.6,116,15.61,176.6,109,7.95,13.5,2,3.65,0,False,482.0,314,45.62,0.16999076638965835,1.2448275862068965,0.21160919540229886,0.08502178649237473,1.5827586206896551,0.13456896551724137,0.045016987542468856,1.620183486238532,0.07293577981651377,0.09464730290456431,1.535031847133758,0.14528662420382166,0.22468879668049793,0.40355107409031127,0.022502622959719325,0
KY,58,415,No,No,0,247.2,116,42.02,303.7,103,25.81,105.4,94,4.74,9.3,2,2.51,2,True,665.5999999999999,315,75.08,0.16998381877022656,2.1310344827586207,0.36224137931034484,0.08498518274613105,2.9485436893203882,0.25058252427184463,0.04497153700189753,1.1212765957446809,0.05042553191489362,0.11280048076923078,2.113015873015873,0.23834920634920634,0.3713942307692308,0.5596696856686202,0.3540414688251179,0
TN,123,415,No,No,0,166.9,98,28.37,221.8,77,18.85,243.9,114,10.98,12.8,4,3.46,3,False,645.4,293,61.660000000000004,0.16998202516476932,1.703061224489796,0.2894897959183674,0.08498647430117223,2.8805194805194807,0.24480519480519483,0.045018450184501846,2.139473684210526,0.09631578947368422,0.09553765106910445,2.202730375426621,0.21044368600682595,0.2585993182522467,0.46010379500486537,0.04790952574523122,0
GA,155,510,No,No,0,71.2,90,12.1,304.4,119,25.87,183.3,103,8.25,8.6,4,2.32,0,False,567.5,316,48.54,0.1699438202247191,0.7911111111111111,0.13444444444444445,0.0849868593955322,2.5579831932773107,0.21739495798319328,0.045008183306055646,1.779611650485437,0.08009708737864078,0.0855330396475771,1.7958860759493671,0.15360759493670886,0.1254625550660793,0.24927894519983518,0.019796057358118922,0
MN,53,415,No,No,0,164.1,106,27.9,206.0,56,17.51,194.7,124,8.76,11.4,2,3.08,1,False,576.1999999999999,288,57.24999999999999,0.170018281535649,1.5481132075471697,0.2632075471698113,0.085,3.6785714285714284,0.3126785714285715,0.04499229583975347,1.5701612903225806,0.07064516129032258,0.09935786185352308,2.000694444444444,0.1987847222222222,0.284796945505033,0.4873362445414848,0.03681068712392669,0
MT,101,415,No,No,0,154.4,130,26.25,217.2,101,18.46,185.4,52,8.34,13.9,4,3.75,1,False,570.9,287,56.8,0.17001295336787564,1.1876923076923078,0.20192307692307693,0.08499079189686926,2.15049504950495,0.18277227722772277,0.04498381877022654,3.5653846153846156,0.16038461538461538,0.09949203012786828,1.989198606271777,0.19790940766550522,0.27045016640392366,0.4621478873239437,0.050484150411400926,0
ND,122,408,No,No,0,231.2,141,39.3,267.8,136,22.76,240.3,100,10.81,8.8,5,2.38,1,True,748.0999999999999,382,75.25,0.1699826989619377,1.6397163120567375,0.2787234042553191,0.08498879761015683,1.9691176470588236,0.1673529411764706,0.044985434873075325,2.403,0.1081,0.10058815666354767,1.958376963350785,0.19698952879581152,0.3090495923004946,0.5222591362126245,0.6236574753033055,1
VA,163,415,No,No,0,202.9,100,34.49,178.6,46,15.18,203.8,116,9.17,12.8,3,3.46,5,False,598.0999999999999,265,62.300000000000004,0.16998521439132577,2.029,0.34490000000000004,0.08499440089585666,3.882608695652174,0.33,0.04499509322865554,1.756896551724138,0.07905172413793103,0.10416318341414481,2.2569811320754716,0.23509433962264153,0.3392409296104331,0.5536115569823435,0.06528365736832893,0
ND,120,415,No,No,0,177.2,88,30.12,270.4,99,22.98,231.5,90,10.42,14.0,2,3.78,2,False,693.0999999999999,279,67.3,0.16997742663656887,2.0136363636363637,0.3422727272727273,0.08498520710059172,2.731313131313131,0.23212121212121212,0.04501079913606911,2.5722222222222224,0.11577777777777777,0.09709998557206753,2.484229390681003,0.24121863799283152,0.25566296349733086,0.4475482912332838,0.033706928213233206,0
TN,196,415,No,No,0,133.1,80,22.63,206.5,120,17.55,221.6,96,9.97,10.3,8,2.78,1,False,571.5,304,52.93,0.17002253944402704,1.6637499999999998,0.282875,0.08498789346246974,1.7208333333333334,0.14625000000000002,0.04499097472924188,2.308333333333333,0.10385416666666668,0.09261592300962379,1.8799342105263157,0.17411184210526315,0.23289588801399824,0.42754581522765917,0.009753147909901649,0
NE,147,415,No,Yes,38,243.4,126,41.38,273.8,109,23.27,282.9,91,12.73,14.1,8,3.81,2,False,814.2,334,81.19000000000001,0.17000821692686935,1.9317460317460318,0.32841269841269843,0.0849890430971512,2.5119266055045872,0.2134862385321101,0.044998232591021564,3.1087912087912084,0.1398901098901099,0.09971751412429379,2.4377245508982037,0.24308383233532938,0.2989437484647507,0.509668678408671,0.08375055131898732,0
IN,81,408,No,Yes,46,168.3,124,28.61,270.9,103,23.03,222.5,98,10.01,6.7,2,1.81,4,False,668.4000000000001,327,63.46,0.16999405822935232,1.3572580645161292,0.2307258064516129,0.08501291989664084,2.6300970873786405,0.22359223300970874,0.04498876404494382,2.270408163265306,0.10214285714285715,0.09494314781567922,2.044036697247707,0.1940672782874618,0.2517953321364452,0.45083517176173965,0.05403911205877033,0
OR,165,415,No,Yes,33,111.6,140,18.97,213.3,111,18.13,267.6,115,12.04,16.0,3,4.32,0,False,608.5,369,53.459999999999994,0.1699820788530466,0.7971428571428572,0.13549999999999998,0.08499765588373183,1.9216216216216218,0.16333333333333333,0.044992526158445435,2.3269565217391306,0.10469565217391304,0.08785538208709942,1.6490514905149052,0.1448780487804878,0.18340180772391124,0.3548447437336326,0.03373898223705024,0
TN,115,415,No,No,0,206.2,113,35.05,176.4,102,14.99,297.1,119,13.37,11.0,7,2.97,1,False,690.7,341,66.38,0.16998060135790494,1.8247787610619468,0.31017699115044245,0.08497732426303854,1.7294117647058824,0.1469607843137255,0.0450016829350387,2.496638655462185,0.11235294117647059,0.09610540031851743,2.0255131964809387,0.19466275659824045,0.2985377153612277,0.528020488098825,0.02832856125229979,0
TX,90,408,No,Yes,27,156.7,51,26.64,236.5,118,20.1,123.2,111,5.54,12.6,6,3.4,2,False,529.0,286,55.68,0.17000638162093173,3.072549019607843,0.5223529411764706,0.0849894291754757,2.0042372881355934,0.17033898305084746,0.04496753246753247,1.10990990990991,0.049909909909909914,0.10525519848771267,1.8496503496503496,0.1946853146853147,0.296219281663516,0.478448275862069,0.0354913651809189,0
TN,37,415,No,No,0,221.0,126,37.57,204.5,110,17.38,118.0,98,5.31,6.8,3,1.84,4,False,550.3,337,62.10000000000001,0.17,1.753968253968254,0.2981746031746032,0.08498777506112469,1.8590909090909091,0.158,0.045,1.2040816326530612,0.05418367346938775,0.11284753770670546,1.6329376854599404,0.18427299703264097,0.4015991277485009,0.6049919484702092,0.1419718676630583,0
NC,76,510,No,No,0,165.7,94,28.17,257.4,80,21.88,170.8,114,7.69,10.0,4,2.7,1,False,603.9,292,60.44,0.17000603500301753,1.7627659574468084,0.2996808510638298,0.085003885003885,3.2175,0.27349999999999997,0.04502341920374707,1.4982456140350877,0.0674561403508772,0.10008279516476237,2.0681506849315068,0.206986301369863,0.27438317602252027,0.4660820648577102,0.024690864505473125,0
MT,109,510,No,No,0,154.8,82,26.32,287.7,109,24.45,208.4,80,9.38,5.9,9,1.59,3,False,656.8,280,61.74,0.17002583979328165,1.8878048780487806,0.32097560975609757,0.08498435870698645,2.6394495412844035,0.22431192660550459,0.04500959692898273,2.605,0.11725000000000001,0.0940012180267966,2.3457142857142856,0.2205,0.23568818514007311,0.42630385487528344,0.005679271595546203,0
HI,105,510,No,No,0,125.4,116,21.32,261.5,95,22.23,241.6,104,10.87,11.4,9,3.08,2,False,639.9,324,57.49999999999999,0.17001594896331737,1.0810344827586207,0.18379310344827587,0.0850095602294455,2.7526315789473683,0.234,0.04499172185430463,2.323076923076923,0.10451923076923077,0.0898577902797312,1.9749999999999999,0.17746913580246912,0.19596812001875294,0.3707826086956522,0.011677115763039177,0
MI,74,415,No,No,0,124.8,114,21.22,133.0,121,11.31,160.3,85,7.21,10.6,7,2.86,3,False,428.70000000000005,327,42.6,0.1700320512820513,1.0947368421052632,0.18614035087719297,0.08503759398496241,1.0991735537190082,0.09347107438016529,0.044978165938864625,1.8858823529411766,0.0848235294117647,0.09937018894331699,1.3110091743119268,0.13027522935779817,0.2911126662001399,0.4981220657276995,0.017821902504427858,0
AL,76,415,No,No,0,179.2,85,30.46,222.9,66,18.95,188.2,113,8.47,12.4,2,3.35,0,False,602.6999999999999,266,61.23,0.1699776785714286,2.1082352941176468,0.3583529411764706,0.08501570210856886,3.3772727272727274,0.2871212121212121,0.045005313496280556,1.6654867256637167,0.07495575221238938,0.10159283225485316,2.2657894736842104,0.23018796992481202,0.29732868757259,0.4974685611628287,0.03653575156732899,0
CT,116,415,No,No,0,245.9,73,41.8,240.1,87,20.41,158.7,89,7.14,8.9,5,2.4,3,False,653.6,254,71.75,0.1699877999186661,3.3684931506849316,0.5726027397260274,0.08500624739691795,2.759770114942529,0.2345977011494253,0.04499054820415879,1.7831460674157302,0.0802247191011236,0.1097766217870257,2.573228346456693,0.2824803149606299,0.37622399020807834,0.5825783972125436,0.1083435759089961,0
UT,138,510,No,No,0,205.9,96,35.0,257.1,94,21.85,209.0,63,9.4,12.1,8,3.27,0,False,684.1,261,69.52,0.16998542982030113,2.144791666666667,0.3645833333333333,0.08498638661999222,2.7351063829787234,0.23244680851063831,0.044976076555023926,3.3174603174603177,0.1492063492063492,0.10162256979973687,2.621072796934866,0.266360153256705,0.3009793889782196,0.5034522439585731,0.0390692071746546,0
DC,102,415,No,No,0,186.8,92,31.76,173.7,123,14.76,250.9,131,11.29,9.7,4,2.62,2,False,621.1,350,60.43,0.17002141327623127,2.0304347826086957,0.34521739130434786,0.0849740932642487,1.4121951219512194,0.12,0.044998007174172974,1.915267175572519,0.08618320610687022,0.0972951215585252,1.7745714285714287,0.17265714285714287,0.3007567219449364,0.5255667714711236,0.02999166257359534,0
UT,164,510,No,No,0,192.1,95,32.66,249.8,94,21.23,132.6,100,5.97,7.3,3,1.97,3,False,581.8,292,61.83,0.1700156168662155,2.022105263157895,0.3437894736842105,0.08498799039231385,2.6574468085106386,0.22585106382978723,0.04502262443438914,1.3259999999999998,0.059699999999999996,0.10627363355104848,1.9924657534246575,0.21174657534246574,0.3301821931935373,0.5282225456897945,0.026732275786593422,0
MN,125,415,No,No,0,240.7,82,40.92,269.4,85,22.9,187.1,74,8.42,10.1,3,2.73,0,True,707.3,244,74.97,0.17000415454923143,2.9353658536585363,0.49902439024390244,0.08500371195248702,3.169411764705882,0.26941176470588235,0.0450026723677178,2.5283783783783784,0.11378378378378379,0.10599462745652481,2.8987704918032784,0.30725409836065576,0.3403082143362081,0.5458183273309324,0.7333340786579093,1
SC,209,510,No,No,0,255.1,124,43.37,230.6,110,19.6,218.0,69,9.81,8.5,5,2.3,3,True,712.2,308,75.08,0.17001176009408075,2.057258064516129,0.349758064516129,0.08499566348655682,2.096363636363636,0.1781818181818182,0.045000000000000005,3.1594202898550723,0.14217391304347826,0.10541982589160347,2.3123376623376624,0.24376623376623377,0.35818590283628193,0.577650506126798,0.6732338501607997,1
NH,116,408,No,Yes,24,183.6,138,31.21,203.8,90,17.32,166.9,89,7.51,6.0,3,1.62,2,False,560.3,320,57.66,0.16998910675381265,1.3304347826086955,0.22615942028985508,0.08498527968596663,2.2644444444444445,0.19244444444444445,0.04499700419412822,1.8752808988764045,0.08438202247191011,0.10290915580938784,1.7509374999999998,0.1801875,0.32768159914331607,0.5412764481442942,0.018116894380611568,0
MD,189,415,No,Yes,30,155.2,116,26.38,195.5,50,16.62,170.1,108,7.65,15.4,6,4.16,1,False,536.1999999999999,280,54.81,0.16997422680412372,1.3379310344827586,0.22741379310344828,0.08501278772378518,3.91,0.33240000000000003,0.04497354497354498,1.575,0.07083333333333333,0.10221932114882508,1.9149999999999998,0.19575,0.2894442372249161,0.4812990330231709,0.017552501215318,0
OK,84,510,No,No,0,203.4,125,34.58,182.9,88,15.55,213.7,121,9.62,13.8,2,3.73,1,False,613.8,336,63.47999999999999,0.17000983284169124,1.6272,0.27664,0.0850191361399672,2.078409090909091,0.17670454545454548,0.045016378100140385,1.7661157024793388,0.07950413223140496,0.10342130987292276,1.8267857142857142,0.1889285714285714,0.33137829912023464,0.5447385003150599,0.029097699721300885,0
NJ,182,415,No,No,0,279.1,124,47.45,180.5,108,15.34,217.5,104,9.79,9.5,11,2.57,2,True,686.6,347,75.15,0.17001074883554282,2.2508064516129034,0.38266129032258067,0.08498614958448754,1.6712962962962963,0.14203703703703704,0.04501149425287356,2.0913461538461537,0.09413461538461537,0.10945237401689485,1.9786743515850145,0.2165706051873199,0.4064957762889601,0.6314038589487692,0.7571715993892042,1
HI,171,510,No,No,0,189.8,122,32.27,173.7,85,14.76,257.1,84,11.57,10.3,1,2.78,0,False,630.9,292,61.38,0.17002107481559536,1.555737704918033,0.2645081967213115,0.0849740932642487,2.043529411764706,0.1736470588235294,0.045001944768572534,3.060714285714286,0.13773809523809524,0.09728958630527818,2.1606164383561643,0.2102054794520548,0.30084006974163896,0.5257412838058,0.039650728675137976,0
DE,90,415,No,No,0,198.5,124,33.75,266.6,100,22.66,243.3,80,10.95,8.0,7,2.16,2,False,716.4000000000001,311,69.52,0.17002518891687657,1.6008064516129032,0.2721774193548387,0.08499624906226556,2.6660000000000004,0.2266,0.04500616522811344,3.0412500000000002,0.136875,0.09704075935231712,2.303536977491962,0.2235369774919614,0.2770798436627582,0.48547180667433837,0.049044392919095584,0
AL,117,510,No,No,0,158.7,84,26.98,181.7,91,15.44,177.3,67,7.98,7.7,10,2.08,2,False,525.4000000000001,252,52.480000000000004,0.17000630119722748,1.8892857142857142,0.3211904761904762,0.08497523390203633,1.9967032967032965,0.16967032967032966,0.045008460236886635,2.646268656716418,0.1191044776119403,0.099885801294252,2.084920634920635,0.20825396825396827,0.30205557670346395,0.5141006097560975,0.012754420334033602,0
KS,186,510,No,No,0,137.8,97,23.43,187.7,118,15.95,146.4,85,6.59,8.7,6,2.35,1,False,480.59999999999997,306,48.32,0.17002902757619737,1.420618556701031,0.2415463917525773,0.08497602557272244,1.5906779661016948,0.13516949152542374,0.04501366120218579,1.7223529411764706,0.07752941176470587,0.10054099042863089,1.5705882352941176,0.15790849673202614,0.28672492717436543,0.48489238410596025,0.01667447658295372,0
AK,55,408,No,Yes,39,139.3,101,23.68,178.3,117,15.16,246.5,104,11.09,8.1,1,2.19,3,False,572.2,323,52.120000000000005,0.16999282124910264,1.3792079207920793,0.23445544554455444,0.08502523836231071,1.523931623931624,0.12957264957264958,0.04498985801217038,2.3701923076923075,0.10663461538461538,0.09108703250611674,1.7715170278637773,0.1613622291021672,0.24344634743096819,0.45433614735226396,0.028422704441441186,0
WI,74,408,No,No,0,177.4,136,30.16,240.3,104,20.43,237.3,133,10.68,12.0,3,3.24,0,False,667.0,376,64.51,0.17001127395715895,1.3044117647058824,0.22176470588235295,0.0850187265917603,2.310576923076923,0.1964423076923077,0.0450063211125158,1.7842105263157895,0.08030075187969925,0.09671664167916043,1.773936170212766,0.17156914893617023,0.26596701649175414,0.4675244148194078,0.032255676912029636,0
IN,130,408,No,No,0,115.6,129,19.65,167.8,104,14.26,141.8,124,6.38,12.6,9,3.4,1,False,437.8,366,43.69,0.1699826989619377,0.8961240310077518,0.15232558139534882,0.08498212157330154,1.6134615384615385,0.1371153846153846,0.04499294781382228,1.1435483870967742,0.05145161290322581,0.09979442667884879,1.196174863387978,0.11937158469945354,0.264047510278666,0.44975967040512704,0.014485029380042279,0
DC,80,408,No,No,0,51.5,90,8.76,164.0,98,13.94,169.4,80,7.62,9.5,4,2.57,3,False,394.4,272,32.89,0.17009708737864077,0.5722222222222222,0.09733333333333333,0.08499999999999999,1.6734693877551021,0.14224489795918366,0.04498229043683589,2.1175,0.09525,0.08339249492900609,1.45,0.12091911764705883,0.13057809330628803,0.266342353298875,0.027636296447624466,0
MS,120,415,No,No,0,131.7,99,22.39,163.1,109,13.86,201.1,116,9.05,10.7,3,2.89,1,False,506.59999999999997,327,48.19,0.17000759301442675,1.33030303030303,0.22616161616161617,0.08497854077253218,1.4963302752293577,0.12715596330275228,0.045002486325211345,1.7336206896551725,0.07801724137931035,0.09512435846821951,1.549235474006116,0.14737003058103976,0.2599684168969601,0.46461921560489733,0.02355626511395393,0
NH,84,408,No,Yes,30,106.5,65,18.11,225.7,108,19.18,188.6,61,8.49,5.7,3,1.54,2,False,526.5,237,47.32,0.1700469483568075,1.6384615384615384,0.2786153846153846,0.08498006202924235,2.089814814814815,0.17759259259259258,0.04501590668080594,3.0918032786885243,0.13918032786885245,0.08987654320987655,2.221518987341772,0.19966244725738397,0.2022792022792023,0.38271344040574806,0.011590783913061127,0
NJ,134,510,No,Yes,34,247.2,105,42.02,225.5,133,19.17,186.3,76,8.38,6.1,5,1.65,2,True,665.1,319,71.22000000000001,0.16998381877022656,2.354285714285714,0.4001904761904762,0.08501108647450112,1.6954887218045114,0.14413533834586467,0.04498121309715513,2.4513157894736843,0.11026315789473685,0.10708164185836717,2.0849529780564264,0.22326018808777434,0.3716734325665313,0.5900028081999438,0.014008173752972803,0
VT,68,415,No,No,0,158.8,119,27.0,211.8,105,18.0,198.1,101,8.91,10.3,3,2.78,1,False,579.0,328,56.69,0.17002518891687657,1.3344537815126052,0.226890756302521,0.08498583569405099,2.0171428571428573,0.17142857142857143,0.04497728419989904,1.9613861386138614,0.08821782178217821,0.09791018998272884,1.7652439024390243,0.17283536585365852,0.27426597582038,0.4762744752160875,0.042595804494511724,0
MD,119,408,No,No,0,239.1,88,40.65,243.5,79,20.7,230.9,92,10.39,10.9,3,2.94,3,True,724.4,262,74.67999999999999,0.17001254705144292,2.7170454545454543,0.46193181818181817,0.08501026694045175,3.0822784810126582,0.2620253164556962,0.04499783456041576,2.509782608695652,0.11293478260869566,0.10309221424627277,2.764885496183206,0.2850381679389313,0.33006626173384873,0.5443224424209963,0.7294935805718944,1
KS,166,415,Yes,Yes,28,175.8,126,29.89,253.6,76,21.56,128.5,72,5.78,11.4,5,3.08,1,False,569.3,279,60.31,0.17002275312855517,1.3952380952380954,0.23722222222222222,0.08501577287066246,3.3368421052631576,0.28368421052631576,0.04498054474708171,1.7847222222222223,0.08027777777777778,0.10593711575619183,2.040501792114695,0.21616487455197134,0.30880028104689977,0.4956060354833361,0.03639468602963171,0
NH,90,415,No,Yes,42,193.3,66,32.86,263.3,85,22.38,214.4,97,9.65,11.1,4,3.0,0,False,682.1,252,67.89,0.1699948266942576,2.928787878787879,0.49787878787878787,0.08499810102544625,3.0976470588235294,0.2632941176470588,0.04500932835820896,2.2103092783505156,0.09948453608247423,0.09953086057762792,2.706746031746032,0.2694047619047619,0.2833895323266383,0.4840182648401826,0.015052278802935533,0
AZ,82,415,No,Yes,33,137.8,95,23.43,235.5,128,20.02,268.1,70,12.06,11.0,6,2.97,2,False,652.4000000000001,299,58.480000000000004,0.17002902757619737,1.4505263157894739,0.24663157894736842,0.08501061571125265,1.83984375,0.15640625,0.044983215218202165,3.8300000000000005,0.1722857142857143,0.08963825873697118,2.181939799331104,0.19558528428093647,0.21122011036174126,0.40064979480164153,0.009928956032444808,0
ID,130,415,No,No,0,263.7,113,44.83,186.5,103,15.85,195.3,99,8.79,18.3,6,4.94,1,True,663.8,321,74.41,0.17000379218809253,2.3336283185840707,0.39672566371681417,0.08498659517426273,1.8106796116504855,0.15388349514563107,0.045007680491551454,1.9727272727272729,0.08878787878787878,0.11209701717384754,2.06791277258567,0.2318068535825545,0.3972582103043085,0.6024727859158715,0.17835016063311307,0
TX,130,408,No,No,0,252.0,101,42.84,170.2,105,14.47,209.2,64,9.41,5.7,5,1.54,0,False,637.1,275,68.26,0.17,2.495049504950495,0.4241584158415842,0.08501762632197415,1.620952380952381,0.13780952380952383,0.04498087954110899,3.26875,0.14703125,0.10714173599121017,2.316727272727273,0.24821818181818184,0.39554230105164023,0.6276003515968356,0.030046579312442177,0
RI,155,408,Yes,No,0,163.1,94,27.73,291.7,108,24.79,96.4,111,4.34,11.2,3,3.02,0,False,562.4,316,59.88,0.17001839362354385,1.7351063829787234,0.295,0.08498457319163524,2.700925925925926,0.22953703703703704,0.0450207468879668,0.8684684684684685,0.039099099099099095,0.10647226173541964,1.779746835443038,0.18949367088607597,0.29000711237553345,0.46309285237140946,0.030676578235174237,0
OR,81,415,No,No,0,324.7,48,55.2,236.4,82,20.09,187.6,78,8.44,13.1,5,3.54,0,True,761.8000000000001,213,87.27000000000001,0.17000307976593781,6.764583333333333,1.1500000000000001,0.08498307952622673,2.8829268292682926,0.245,0.044989339019189764,2.405128205128205,0.1082051282051282,0.11455762667366763,3.5765258215962445,0.40971830985915497,0.4262273562614859,0.632519766242695,0.9951719107570098,1
NC,75,408,No,No,0,203.3,70,34.56,228.9,97,19.46,222.2,118,10.0,14.3,3,3.86,1,False,668.7,288,67.88000000000001,0.16999508116084605,2.9042857142857144,0.49371428571428577,0.08501529051987768,2.3597938144329897,0.20061855670103093,0.045004500450045004,1.883050847457627,0.0847457627118644,0.10151039330043368,2.3218750000000004,0.23569444444444448,0.3040227306714521,0.5091337654684738,0.047465680518237574,0
NM,178,415,No,Yes,35,175.4,88,29.82,190.0,65,16.15,138.7,94,6.24,10.5,3,2.84,2,False,514.5999999999999,250,55.05,0.17001140250855187,1.9931818181818182,0.33886363636363637,0.08499999999999999,2.923076923076923,0.24846153846153843,0.04498918529199712,1.4755319148936168,0.06638297872340426,0.10697629226583756,2.0584,0.22019999999999998,0.3408472600077731,0.5416893732970027,0.020003836555007776,0
SC,112,415,No,No,0,266.0,97,45.22,214.6,94,18.24,306.2,100,13.78,14.2,2,3.83,2,True,801.0,293,81.07,0.16999999999999998,2.7422680412371134,0.4661855670103093,0.08499534016775395,2.282978723404255,0.19404255319148936,0.045003265839320704,3.062,0.1378,0.10121098626716603,2.733788395904437,0.2766894197952218,0.33208489388264667,0.5577895645738251,0.9725014306877033,1
AZ,100,510,No,No,0,78.7,98,13.38,225.6,102,19.18,150.4,106,6.77,14.0,8,3.78,0,False,468.70000000000005,314,43.11,0.17001270648030495,0.803061224489796,0.13653061224489796,0.0850177304964539,2.211764705882353,0.18803921568627452,0.04501329787234042,1.418867924528302,0.06386792452830188,0.09197781096650308,1.4926751592356688,0.13729299363057323,0.16791124386601236,0.3103688239387613,0.01686679908933743,0
WV,104,415,No,No,0,225.9,123,38.4,162.8,106,13.84,272.1,85,12.24,10.1,4,2.73,1,False,670.9000000000001,318,67.21,0.1699867197875166,1.8365853658536586,0.3121951219512195,0.085012285012285,1.5358490566037737,0.13056603773584904,0.04498346196251378,3.2011764705882357,0.144,0.10017886421225218,2.1097484276729563,0.2113522012578616,0.3367118795647637,0.5713435500669544,0.04670319082715254,0
NY,160,408,No,No,0,216.8,77,36.86,207.3,117,17.62,228.6,117,10.29,5.6,2,1.51,1,False,658.3000000000001,313,66.28000000000002,0.17001845018450185,2.8155844155844156,0.4787012987012987,0.08499758803666184,1.771794871794872,0.1505982905982906,0.04501312335958005,1.9538461538461538,0.08794871794871795,0.10068357891538814,2.1031948881789138,0.2117571884984026,0.32933313079143245,0.5561255280627639,0.02102148961487206,0
WV,87,415,No,No,0,58.0,125,9.86,67.5,116,5.74,185.9,136,8.37,11.5,3,3.11,0,False,322.9,380,27.08,0.16999999999999998,0.464,0.07887999999999999,0.08503703703703704,0.5818965517241379,0.049482758620689654,0.0450242065626681,1.3669117647058824,0.06154411764705882,0.0838649736760607,0.8497368421052631,0.07126315789473683,0.1796221740476928,0.3641063515509601,0.01625048557457879,0
NM,81,415,No,No,0,173.2,80,29.44,236.2,94,20.08,240.2,84,10.81,11.8,6,3.19,2,False,661.3999999999999,264,63.519999999999996,0.1699769053117783,2.165,0.368,0.08501270110076206,2.5127659574468084,0.21361702127659574,0.04500416319733556,2.8595238095238096,0.1286904761904762,0.09603870577562747,2.50530303030303,0.2406060606060606,0.2618687632295132,0.4634760705289673,0.03129843182181722,0
ME,28,415,No,No,0,236.8,102,40.26,167.1,87,14.2,280.2,115,12.61,9.7,3,2.62,3,False,693.8,307,69.69,0.17001689189189187,2.3215686274509806,0.3947058823529412,0.08497905445840814,1.9206896551724137,0.16321839080459769,0.045003568879371875,2.4365217391304346,0.10965217391304348,0.10044681464398962,2.2599348534201953,0.2270032573289902,0.34130873450562127,0.5777012483857081,0.09764285267077609,0
WI,95,408,No,No,0,237.3,83,40.34,154.0,65,13.09,237.0,105,10.67,11.2,6,3.02,1,False,639.5,259,67.12,0.16999578592498948,2.8590361445783135,0.4860240963855422,0.08499999999999999,2.3692307692307693,0.20138461538461538,0.0450210970464135,2.257142857142857,0.10161904761904762,0.10495699765441752,2.469111969111969,0.25915057915057915,0.3710711493354183,0.6010131108462455,0.039396795201481934,0
NJ,35,408,No,No,0,158.6,67,26.96,130.4,96,11.08,229.8,80,10.34,6.9,5,1.86,2,False,525.6999999999999,248,50.239999999999995,0.16998738965952082,2.3671641791044777,0.40238805970149255,0.08496932515337423,1.3583333333333334,0.11541666666666667,0.04499564838990426,2.8725,0.12925,0.09556781434278105,2.119758064516129,0.2025806451612903,0.30169298078752144,0.5366242038216561,0.027969024070304174,0
WY,134,510,No,No,0,296.0,93,50.32,226.4,117,19.24,246.8,98,11.11,12.3,10,3.32,0,True,781.5,318,83.99,0.17,3.182795698924731,0.5410752688172044,0.08498233215547703,1.935042735042735,0.16444444444444442,0.045016207455429495,2.5183673469387755,0.11336734693877551,0.1074728087012156,2.457547169811321,0.2641194968553459,0.37875879718490085,0.5991189427312775,0.9896308927535213,1
AR,185,415,No,Yes,19,157.3,123,26.74,257.7,94,21.9,190.4,107,8.57,9.6,6,2.59,0,False,615.0,330,59.8,0.16999364272091544,1.2788617886178864,0.21739837398373982,0.0849825378346915,2.7414893617021274,0.2329787234042553,0.04501050420168067,1.7794392523364486,0.08009345794392524,0.09723577235772357,1.8636363636363635,0.1812121212121212,0.25577235772357726,0.4471571906354515,0.02335131175075862,0
PA,85,408,No,No,0,144.4,88,24.55,264.6,105,22.49,185.4,94,8.34,9.9,3,2.67,1,False,604.3,290,58.05,0.17001385041551245,1.6409090909090909,0.27897727272727274,0.08499622071050641,2.52,0.21419047619047618,0.04498381877022654,1.972340425531915,0.08872340425531915,0.0960615588283965,2.0837931034482757,0.20017241379310344,0.23895416184014565,0.4229112833763997,0.01682688588307365,0
TN,148,415,No,Yes,36,77.6,141,13.19,207.0,60,17.6,255.7,115,11.51,10.9,2,2.94,1,False,551.1999999999999,318,45.239999999999995,0.16997422680412372,0.5503546099290779,0.09354609929078014,0.08502415458937199,3.45,0.29333333333333333,0.045013687915526006,2.223478260869565,0.10008695652173913,0.0820754716981132,1.7333333333333332,0.1422641509433962,0.14078374455732948,0.2915561450044209,0.021578992094002394,0
CT,134,408,No,Yes,32,80.3,94,13.65,199.9,124,16.99,170.8,117,7.69,16.6,3,4.48,0,False,467.6,338,42.81,0.16998754669987548,0.8542553191489362,0.1452127659574468,0.08499249624812405,1.6120967741935484,0.13701612903225804,0.04502341920374707,1.45982905982906,0.06572649572649573,0.09155260906757913,1.383431952662722,0.1266568047337278,0.1717279726261762,0.31885073580939033,0.0361475909144644,0
MA,80,408,No,Yes,36,190.3,115,32.35,256.6,78,21.81,214.9,145,9.67,3.8,4,1.03,1,False,665.6,342,64.86,0.1699947451392538,1.6547826086956523,0.281304347826087,0.08499610288386593,3.28974358974359,0.2796153846153846,0.04499767333643555,1.4820689655172414,0.06668965517241379,0.09744591346153846,1.9461988304093567,0.18964912280701754,0.2859074519230769,0.4987665741597287,0.014405800059918306,0
OH,165,510,No,No,0,209.4,67,35.6,273.8,89,23.27,150.2,88,6.76,12.8,1,3.46,0,False,646.2,245,69.09,0.17000955109837632,3.1253731343283584,0.5313432835820896,0.0849890430971512,3.0764044943820226,0.26146067415730334,0.04500665778961385,1.7068181818181818,0.07681818181818181,0.10691736304549675,2.6375510204081634,0.28200000000000003,0.32404828226555243,0.515269937762339,0.08358717939740545,0
KS,65,415,No,Yes,34,208.8,119,35.5,142.1,106,12.08,214.6,87,9.66,12.5,4,3.38,4,False,578.0,316,60.62,0.1700191570881226,1.754621848739496,0.29831932773109243,0.08501055594651655,1.340566037735849,0.11396226415094339,0.04501397949673812,2.466666666666667,0.1110344827586207,0.104878892733564,1.8291139240506329,0.19183544303797467,0.36124567474048447,0.5856153084790499,0.35289885284944444,0
OK,104,415,No,No,0,113.6,87,19.31,158.6,98,13.48,187.7,87,8.45,10.5,6,2.84,2,False,470.4,278,44.08,0.1699823943661972,1.3057471264367815,0.22195402298850572,0.08499369482976041,1.6183673469387754,0.13755102040816328,0.04501864677677144,2.1574712643678158,0.09712643678160919,0.09370748299319728,1.6920863309352516,0.15856115107913668,0.24149659863945577,0.4380671506352087,0.016552300989384244,0
UT,44,415,No,No,0,202.6,89,34.44,163.0,96,13.86,268.1,151,12.06,8.3,3,2.24,0,False,642.0,339,62.6,0.16999012833168806,2.2764044943820223,0.3869662921348314,0.08503067484662577,1.6979166666666667,0.144375,0.044983215218202165,1.775496688741722,0.07986754966887417,0.09750778816199378,1.8938053097345133,0.18466076696165193,0.31557632398753893,0.5501597444089457,0.028092267077198137,0
OH,162,415,No,No,0,135.2,98,22.98,242.0,107,20.57,246.9,96,11.11,10.2,2,2.75,2,False,634.3000000000001,303,57.41,0.16997041420118345,1.3795918367346938,0.23448979591836736,0.085,2.2616822429906542,0.1922429906542056,0.04499797488861887,2.571875,0.11572916666666666,0.09050922276525301,2.0933993399339936,0.18947194719471946,0.21314835251458297,0.40027869709109914,0.01704328015122048,0
WA,96,415,No,No,0,276.9,105,47.07,246.9,94,20.99,254.4,107,11.45,10.3,3,2.78,1,True,788.4999999999999,309,82.29,0.16998916576381368,2.637142857142857,0.4482857142857143,0.08501417577966787,2.626595744680851,0.2232978723404255,0.04500786163522012,2.377570093457944,0.10700934579439252,0.10436271401395056,2.5517799352750807,0.2663106796116505,0.35117311350665825,0.5720014582573824,0.9944821058989247,1
IN,72,510,No,No,0,287.4,116,48.86,235.3,126,20.0,292.1,114,13.14,5.0,3,1.35,4,True,819.8000000000001,359,83.35,0.1700069589422408,2.4775862068965515,0.4212068965517241,0.08499787505312367,1.8674603174603175,0.15873015873015872,0.04498459431701472,2.562280701754386,0.11526315789473685,0.10167113930226883,2.283565459610028,0.2321727019498607,0.350573310563552,0.5862027594481104,0.978989890580391,1
NE,31,415,No,No,0,97.5,129,16.58,260.4,78,22.13,88.7,100,3.99,7.0,5,1.89,1,False,453.59999999999997,312,44.589999999999996,0.17005128205128203,0.7558139534883721,0.12852713178294572,0.08498463901689708,3.338461538461538,0.2837179487179487,0.04498308906426156,0.887,0.039900000000000005,0.09830246913580247,1.4538461538461538,0.14291666666666666,0.21494708994708997,0.3718322493832698,0.00936371049082401,0
AL,72,415,No,No,0,166.5,102,28.31,261.0,103,22.19,262.7,85,11.82,13.3,5,3.59,0,False,703.5,295,65.91,0.17003003003003003,1.6323529411764706,0.2775490196078431,0.0850191570881226,2.533980582524272,0.2154368932038835,0.0449942900647126,3.0905882352941174,0.13905882352941176,0.09368869936034115,2.3847457627118644,0.22342372881355932,0.23667377398720682,0.42952510999848276,0.06656211417173181,0
PA,136,408,No,No,0,102.1,75,17.36,219.5,97,18.66,73.7,92,3.32,9.8,5,2.65,0,False,405.1,269,41.989999999999995,0.17002938295788442,1.3613333333333333,0.23146666666666665,0.08501138952164008,2.2628865979381443,0.19237113402061856,0.045047489823609226,0.8010869565217391,0.03608695652173913,0.10365341890891136,1.5059479553903345,0.15609665427509292,0.2520365341890891,0.4134317694689212,0.01127738374203098,0
OR,82,415,No,Yes,19,146.5,73,24.91,246.4,65,20.94,199.0,114,8.96,4.1,4,1.11,1,False,596.0,256,55.92,0.17003412969283277,2.006849315068493,0.34123287671232877,0.08498376623376623,3.790769230769231,0.3221538461538462,0.045025125628140705,1.7456140350877194,0.07859649122807018,0.0938255033557047,2.328125,0.2184375,0.24580536912751677,0.44545779685264664,0.0071835062743280725,0
MN,155,408,Yes,No,0,250.8,146,42.64,152.5,105,12.96,148.1,104,6.66,10.0,5,2.7,2,False,561.4,360,64.96000000000001,0.17001594896331737,1.7178082191780824,0.29205479452054794,0.08498360655737705,1.4523809523809523,0.12342857142857144,0.0449696151249156,1.4240384615384616,0.06403846153846154,0.11571072319201997,1.5594444444444444,0.18044444444444446,0.4467402921268258,0.6564039408866994,0.052898375778932055,0
GA,136,415,No,No,0,163.4,83,27.78,249.3,119,21.19,249.7,90,11.24,9.8,4,2.65,7,False,672.2,296,62.86,0.17001223990208078,1.9686746987951809,0.33469879518072293,0.08499799438427598,2.0949579831932774,0.17806722689075632,0.04501401682018422,2.7744444444444443,0.1248888888888889,0.09351383516810473,2.2709459459459462,0.21236486486486486,0.24308241594763463,0.441934457524658,0.08603509432976209,0
TX,57,415,No,No,0,161.0,113,27.37,208.0,134,17.68,208.1,81,9.36,8.4,4,2.27,3,False,585.5,332,56.68,0.17,1.424778761061947,0.242212389380531,0.08499999999999999,1.5522388059701493,0.1319402985074627,0.04497837578087458,2.5691358024691358,0.11555555555555555,0.09680614859094791,1.7635542168674698,0.17072289156626505,0.2749786507258753,0.4828863796753705,0.031185129623823946,0
NM,112,415,No,No,0,81.6,94,13.87,268.1,112,22.79,140.8,75,6.34,8.6,18,2.32,1,False,499.1000000000001,299,45.32,0.16997549019607844,0.8680851063829786,0.1475531914893617,0.08500559492726593,2.3937500000000003,0.20348214285714286,0.045028409090909084,1.8773333333333335,0.08453333333333334,0.09080344620316569,1.6692307692307695,0.15157190635451506,0.16349428972149865,0.3060458958517211,0.008925427940680564,0
NC,95,408,No,No,0,128.6,115,21.86,216.2,88,18.38,255.3,96,11.49,6.3,2,1.7,6,True,606.3999999999999,301,53.43,0.16998444790046657,1.1182608695652174,0.19008695652173913,0.08501387604070305,2.4568181818181816,0.20886363636363636,0.045005875440658046,2.6593750000000003,0.1196875,0.08811015831134567,2.014617940199335,0.17750830564784054,0.21207124010554093,0.409133445629796,0.7698720513499572,1
ID,113,415,No,Yes,30,183.8,102,31.25,183.4,123,15.59,235.0,52,10.58,11.6,7,3.13,0,False,613.8000000000001,284,60.550000000000004,0.17002176278563655,1.8019607843137255,0.30637254901960786,0.08500545256270446,1.4910569105691058,0.1267479674796748,0.04502127659574468,4.519230769230769,0.20346153846153847,0.0986477680026067,2.161267605633803,0.2132042253521127,0.299446073639622,0.5161023947151114,0.025178452190142496,0
WI,103,415,No,No,0,180.2,134,30.63,97.7,85,8.3,181.7,134,8.18,8.4,3,2.27,1,False,467.99999999999994,356,49.38,0.1699778024417314,1.344776119402985,0.2285820895522388,0.0849539406345957,1.1494117647058824,0.09764705882352942,0.04501926252063842,1.3559701492537313,0.06104477611940298,0.10551282051282053,1.3146067415730336,0.13870786516853933,0.38504273504273506,0.620291616038882,0.008657833088018294,0
SC,149,415,No,Yes,20,147.8,132,25.13,276.8,94,23.53,149.9,110,6.75,10.2,6,2.75,0,False,584.7,342,58.16,0.1700270635994587,1.1196969696969699,0.19037878787878787,0.08500722543352601,2.94468085106383,0.25031914893617024,0.04503002001334223,1.3627272727272728,0.06136363636363636,0.09946981357961346,1.7096491228070176,0.17005847953216374,0.25277920301009066,0.43208390646492434,0.016578601332993242,0
NV,116,408,No,No,0,110.9,54,18.85,213.4,82,18.14,186.2,116,8.38,7.9,2,2.13,2,False,518.4,254,47.50000000000001,0.16997294860234446,2.053703703703704,0.3490740740740741,0.08500468603561387,2.602439024390244,0.22121951219512195,0.04500537056928035,1.6051724137931034,0.07224137931034483,0.0916280864197531,2.0409448818897635,0.18700787401574806,0.2139274691358025,0.3968421052631579,0.0253349306306341,0
NE,95,510,No,No,0,58.2,96,9.89,202.1,126,17.18,210.5,97,9.47,10.4,5,2.81,0,False,481.2,324,39.35,0.16993127147766324,0.6062500000000001,0.10302083333333334,0.08500742206828303,1.6039682539682538,0.13634920634920636,0.04498812351543943,2.170103092783505,0.09762886597938145,0.08177472984206152,1.4851851851851852,0.12145061728395062,0.12094763092269327,0.2513341804320203,0.02812171091905492,0
UT,201,510,No,No,0,212.7,72,36.16,225.2,90,19.14,195.1,99,8.78,7.0,6,1.89,1,False,640.0,267,65.97,0.1700047014574518,2.9541666666666666,0.5022222222222221,0.0849911190053286,2.502222222222222,0.21266666666666667,0.04500256278831368,1.9707070707070706,0.08868686868686868,0.10307812499999999,2.397003745318352,0.24707865168539325,0.33234375,0.5481279369410338,0.023108132939135294,0
HI,150,415,No,No,0,214.0,117,36.38,192.4,89,16.35,242.6,99,10.92,7.9,4,2.13,1,False,656.9,309,65.78,0.17,1.829059829059829,0.31094017094017096,0.08497920997920999,2.161797752808989,0.18370786516853935,0.0450123660346249,2.4505050505050505,0.1103030303030303,0.10013700715481809,2.1258899676375402,0.21288025889967638,0.325772568123002,0.5530556400121618,0.031229210168627196,0
MI,108,408,Yes,No,0,115.1,114,19.57,211.3,70,17.96,136.1,85,6.12,13.8,3,3.73,2,True,476.3,272,47.379999999999995,0.17002606429192008,1.0096491228070175,0.17166666666666666,0.08499763369616659,3.0185714285714287,0.25657142857142856,0.0449669360764144,1.6011764705882352,0.072,0.09947512072223387,1.7511029411764707,0.1741911764705882,0.24165441948351876,0.4130434782608696,0.9203862499299035,1
MO,101,415,Yes,No,0,156.4,116,26.59,130.4,114,11.08,207.3,109,9.33,7.3,5,1.97,1,False,501.40000000000003,344,48.97,0.17001278772378517,1.3482758620689657,0.2292241379310345,0.08496932515337423,1.143859649122807,0.09719298245614034,0.04500723589001447,1.9018348623853212,0.08559633027522937,0.09766653370562424,1.4575581395348838,0.1423546511627907,0.3119266055045872,0.5429855013273432,0.02215432532709075,0
AL,182,415,No,Yes,24,128.1,104,21.78,143.4,127,12.19,191.0,98,8.59,11.6,3,3.13,1,False,474.1,332,45.690000000000005,0.17002341920374708,1.231730769230769,0.20942307692307693,0.08500697350069734,1.1291338582677166,0.09598425196850394,0.044973821989528796,1.9489795918367347,0.08765306122448979,0.09637207340223582,1.4280120481927712,0.13762048192771087,0.2701961611474372,0.47669074195666444,0.02288169298786418,0
VT,128,408,No,No,0,227.9,130,38.74,302.6,71,25.72,191.5,82,8.62,5.5,7,1.49,1,True,727.5,290,74.57000000000001,0.16998683633172446,1.7530769230769232,0.29800000000000004,0.0849966953073364,4.261971830985916,0.36225352112676057,0.045013054830287204,2.3353658536585367,0.10512195121951219,0.10250171821305842,2.5086206896551726,0.2571379310344828,0.31326460481099655,0.5195118680434491,0.5009375616026623,1
VA,113,408,No,Yes,34,44.9,63,7.63,134.2,82,11.41,168.4,118,7.58,13.3,3,3.59,1,False,360.8,266,30.209999999999997,0.16993318485523384,0.7126984126984127,0.12111111111111111,0.08502235469448585,1.6365853658536584,0.13914634146341465,0.04501187648456057,1.4271186440677968,0.06423728813559322,0.08373059866962305,1.3563909774436091,0.11357142857142856,0.12444567627494456,0.2525653757034095,0.021193058521533765,0
RI,76,415,No,No,0,171.1,78,29.09,257.2,83,21.86,91.6,92,4.12,16.2,3,4.37,1,False,536.1,256,59.44,0.17001753360607832,2.1935897435897433,0.3729487179487179,0.08499222395023329,3.0987951807228913,0.2633734939759036,0.04497816593886463,0.9956521739130434,0.044782608695652176,0.11087483678418204,2.094140625,0.2321875,0.31915687371759,0.4894010767160162,0.022650145843073188,0
MD,204,510,No,No,0,205.2,145,34.88,154.8,95,13.16,191.4,77,8.61,14.1,5,3.81,3,False,565.5,322,60.46000000000001,0.16998050682261212,1.4151724137931034,0.24055172413793105,0.08501291989664082,1.6294736842105264,0.1385263157894737,0.04498432601880877,2.4857142857142858,0.11181818181818182,0.10691423519009727,1.7562111801242235,0.18776397515527954,0.3628647214854111,0.5769103539530268,0.019498243283910928,0
OH,32,415,No,Yes,31,232.8,97,39.58,183.5,111,15.6,206.8,111,9.31,13.0,2,3.51,0,False,636.1,321,68.0,0.17001718213058417,2.4,0.40804123711340207,0.08501362397820163,1.6531531531531531,0.14054054054054055,0.04501934235976789,1.8630630630630631,0.08387387387387388,0.10690143059267411,1.9816199376947041,0.2118380062305296,0.36598019179374314,0.5820588235294117,0.026981897639257534,0
CO,103,415,No,Yes,37,153.5,78,26.1,241.9,108,20.56,244.7,110,11.01,10.6,3,2.86,1,False,650.6999999999999,299,60.529999999999994,0.1700325732899023,1.9679487179487178,0.33461538461538465,0.08499379909053327,2.2398148148148147,0.19037037037037036,0.044993870044953005,2.2245454545454546,0.10009090909090909,0.09302289841708929,2.1762541806020064,0.20244147157190634,0.23589980021515294,0.431191144886833,0.019281202331889357,0
UT,148,510,No,No,0,203.0,92,34.51,150.9,125,12.83,245.5,131,11.05,14.6,9,3.94,1,False,614.0,357,62.33,0.16999999999999998,2.2065217391304346,0.3751086956521739,0.0850231941683234,1.2072,0.10264,0.045010183299389,1.8740458015267176,0.08435114503816794,0.10151465798045603,1.719887955182073,0.174593837535014,0.3306188925081433,0.5536659714423231,0.010134096778372558,0
CO,57,415,No,No,0,85.9,92,14.6,193.9,127,16.48,231.5,93,10.42,10.1,2,2.73,0,False,521.4,314,44.23,0.169965075669383,0.9336956521739131,0.15869565217391304,0.0849922640536359,1.5267716535433071,0.12976377952755905,0.04501079913606911,2.489247311827957,0.11204301075268817,0.08482930571538166,1.6605095541401274,0.14085987261146496,0.1647487533563483,0.33009269726430024,0.023182594380780214,0
KY,64,415,Yes,No,0,146.7,83,24.94,148.3,91,12.61,238.6,69,10.74,12.5,3,3.38,3,False,546.1,246,51.67,0.17000681663258352,1.767469879518072,0.30048192771084337,0.08503034389750505,1.6296703296703299,0.13857142857142857,0.04501257334450964,3.4579710144927533,0.15565217391304348,0.0946163706280901,2.219918699186992,0.21004065040650408,0.26863211865958614,0.48267853686858914,0.0683639829133471,0
DC,70,415,No,No,0,152.8,145,25.98,183.6,102,15.61,151.8,75,6.83,10.5,2,2.84,1,False,498.7,324,51.260000000000005,0.1700261780104712,1.053793103448276,0.17917241379310345,0.08502178649237473,1.8,0.15303921568627452,0.04499341238471673,2.024,0.09106666666666667,0.10278724684178867,1.5391975308641974,0.1582098765432099,0.30639663124122724,0.5068279360124853,0.02240920977117507,0
MA,142,408,No,No,0,216.8,134,36.86,187.8,106,15.96,138.1,108,6.21,8.3,2,2.24,0,False,551.0,350,61.27,0.17001845018450185,1.617910447761194,0.27507462686567163,0.08498402555910543,1.7716981132075473,0.15056603773584906,0.04496741491672701,1.2787037037037037,0.0575,0.1111978221415608,1.5742857142857143,0.17505714285714286,0.3934664246823957,0.6015994777215603,0.034087796199440544,0
AZ,88,415,No,No,0,172.8,81,29.38,193.4,90,16.44,89.6,107,4.03,12.8,5,3.46,2,False,468.6000000000001,283,53.31,0.17002314814814812,2.1333333333333333,0.362716049382716,0.08500517063081696,2.148888888888889,0.18266666666666667,0.04497767857142858,0.8373831775700934,0.03766355140186916,0.11376440460947501,1.6558303886925798,0.18837455830388694,0.3687580025608194,0.5511161132995686,0.02916639873310996,0
IL,131,510,No,No,0,263.4,123,44.78,151.9,74,12.91,218.5,101,9.83,10.7,2,2.89,2,False,644.5,300,70.41,0.17000759301442675,2.141463414634146,0.3640650406504065,0.08499012508229098,2.0527027027027027,0.17445945945945945,0.044988558352402744,2.1633663366336635,0.09732673267326733,0.10924747866563227,2.1483333333333334,0.2347,0.40868890612878195,0.635989206078682,0.09135845681746588,0
CO,130,408,No,No,0,271.8,129,46.21,237.2,128,20.16,210.1,91,9.45,8.7,2,2.35,4,True,727.8000000000001,350,78.17,0.1700147167034584,2.1069767441860465,0.35821705426356587,0.08499156829679595,1.853125,0.1575,0.044978581627796284,2.3087912087912086,0.10384615384615384,0.10740588073646605,2.0794285714285716,0.22334285714285715,0.37345424567188784,0.5911474990405526,0.968794034874175,1
OR,166,510,No,No,0,199.6,93,33.93,214.3,99,18.22,196.8,110,8.86,7.2,5,1.94,3,False,617.9000000000001,307,62.949999999999996,0.16998997995991985,2.1462365591397847,0.3648387096774193,0.08502099860009332,2.1646464646464647,0.18404040404040403,0.045020325203252026,1.7890909090909093,0.08054545454545455,0.10187732642822461,2.0127035830618896,0.20504885993485342,0.32302961644279005,0.5389992057188245,0.023005285017496848,0
MS,130,510,No,No,0,203.9,63,34.66,191.8,93,16.3,132.5,125,5.96,12.1,4,3.27,3,False,540.3000000000001,285,60.19,0.16998528690534573,3.2365079365079366,0.5501587301587301,0.08498435870698644,2.0623655913978496,0.17526881720430107,0.0449811320754717,1.06,0.04768,0.11140107347769755,1.8957894736842107,0.21119298245614035,0.3773829354062557,0.5758431633161655,0.022430277037642908,0
SC,111,510,No,No,0,78.3,119,13.31,198.2,94,16.85,248.5,94,11.18,12.1,4,3.27,1,False,537.1,311,44.61000000000001,0.1699872286079183,0.6579831932773109,0.11184873949579832,0.08501513622603432,2.108510638297872,0.1792553191489362,0.04498993963782696,2.643617021276596,0.11893617021276595,0.08305715881586298,1.7270096463022508,0.14344051446945338,0.14578290821076148,0.29836359560636627,0.04113527479135847,0
IN,100,415,No,Yes,32,125.2,123,21.28,230.9,101,19.63,192.0,106,8.64,12.6,9,3.4,3,False,560.7,339,52.949999999999996,0.16996805111821087,1.0178861788617886,0.1730081300813008,0.08501515807708965,2.2861386138613864,0.19435643564356433,0.045000000000000005,1.8113207547169812,0.08150943396226415,0.09443552701979667,1.653982300884956,0.1561946902654867,0.22329231317995363,0.4018885741265345,0.01709655420057463,0
ME,57,415,No,No,0,221.1,101,37.59,236.7,65,20.12,252.3,137,11.35,9.5,1,2.57,0,False,719.5999999999999,304,71.63,0.17001356852103122,2.189108910891089,0.37217821782178223,0.08500211237853825,3.6415384615384614,0.30953846153846154,0.04498612762584225,1.8416058394160584,0.08284671532846716,0.0995414118954975,2.3671052631578946,0.23562499999999997,0.30725403001667595,0.5247801200614268,0.2131137954504629,0
DE,139,408,No,No,0,139.0,110,23.63,132.9,93,11.3,272.0,120,12.24,12.1,1,3.27,0,False,556.0,324,50.440000000000005,0.16999999999999998,1.2636363636363637,0.2148181818181818,0.08502633559066967,1.4290322580645163,0.12150537634408604,0.045,2.2666666666666666,0.10200000000000001,0.09071942446043166,1.7160493827160495,0.15567901234567902,0.25,0.46847739888976997,0.029563974162027617,0
OR,113,415,No,No,0,159.8,143,27.17,210.1,93,17.86,175.1,86,7.88,13.1,7,3.54,2,False,558.1,329,56.45,0.1700250312891114,1.1174825174825176,0.19,0.08500713945740124,2.2591397849462367,0.19204301075268818,0.045002855511136496,2.036046511627907,0.09162790697674418,0.10114674789464254,1.6963525835866262,0.171580547112462,0.2863286149435585,0.4813108945969885,0.02119571832886185,0
NJ,108,415,No,No,0,239.3,102,40.68,223.4,127,18.99,251.4,104,11.31,10.6,6,2.86,0,False,724.7,339,73.84,0.16999582114500625,2.346078431372549,0.3988235294117647,0.08500447627573858,1.7590551181102363,0.1495275590551181,0.044988066825775656,2.417307692307692,0.10875,0.10189043742238167,2.1377581120943954,0.21781710914454278,0.3302056023182006,0.5509209100758397,0.47781947825969234,0
MT,100,415,No,No,0,113.3,96,19.26,197.9,89,16.82,284.5,93,12.8,11.7,2,3.16,4,True,607.4000000000001,280,52.03999999999999,0.16999117387466903,1.1802083333333333,0.20062500000000003,0.08499242041435068,2.2235955056179777,0.18898876404494383,0.04499121265377856,3.0591397849462365,0.13763440860215054,0.08567665459334867,2.1692857142857145,0.18585714285714283,0.18653276259466575,0.3700999231360493,0.6889261529347864,1
WV,120,510,No,No,0,192.6,123,32.74,206.4,105,17.54,283.2,93,12.74,10.8,3,2.92,1,False,693.0,324,65.94,0.1699896157840083,1.5658536585365854,0.2661788617886179,0.08498062015503875,1.9657142857142857,0.16704761904761903,0.04498587570621469,3.0451612903225804,0.13698924731182796,0.09515151515151515,2.138888888888889,0.20351851851851852,0.2779220779220779,0.4965119805884138,0.031188468898308983,0
NJ,107,408,No,Yes,36,96.3,83,16.37,179.6,91,15.27,166.3,121,7.48,10.3,2,2.78,1,False,452.5,297,41.900000000000006,0.1699896157840083,1.1602409638554216,0.1972289156626506,0.08502227171492205,1.9736263736263735,0.1678021978021978,0.0449789536981359,1.3743801652892562,0.06181818181818182,0.09259668508287294,1.5235690235690236,0.1410774410774411,0.21281767955801104,0.3906921241050119,0.025712524063250357,0
IN,104,408,No,No,0,280.4,127,47.67,179.4,79,15.25,150.6,77,6.78,15.2,6,4.1,5,False,625.6,289,73.8,0.17000713266761772,2.207874015748031,0.3753543307086614,0.08500557413600891,2.270886075949367,0.1930379746835443,0.0450199203187251,1.9558441558441557,0.08805194805194806,0.11796675191815856,2.164705882352941,0.25536332179930793,0.4482097186700767,0.6459349593495936,0.1954128660071863,0
NM,62,415,No,No,0,245.3,91,41.7,122.9,130,10.45,228.4,102,10.28,8.5,4,2.3,4,False,605.1,327,64.73,0.16999592335915206,2.695604395604396,0.4582417582417583,0.08502847843775427,0.9453846153846154,0.08038461538461537,0.04500875656742556,2.23921568627451,0.1007843137254902,0.1069740538753925,1.8504587155963304,0.19795107033639145,0.40538753924971077,0.6442144291673104,0.04255568585860578,0
MT,34,415,No,Yes,14,151.5,100,25.76,248.7,126,21.14,199.8,120,8.99,10.7,5,2.89,2,False,610.7,351,58.78000000000001,0.17003300330033005,1.515,0.2576,0.08500201045436269,1.9738095238095237,0.16777777777777778,0.04499499499499499,1.665,0.07491666666666667,0.09625020468315049,1.73988603988604,0.1674643874643875,0.24807597838545928,0.4382443007825791,0.020695664565164588,0
NM,183,415,No,No,0,190.0,100,32.3,246.6,78,20.96,304.2,107,13.69,9.5,4,2.57,1,False,750.3,289,69.52,0.16999999999999998,1.9,0.32299999999999995,0.08499594484995945,3.1615384615384614,0.26871794871794874,0.04500328731097962,2.8429906542056074,0.12794392523364487,0.09265627082500333,2.5961937716262975,0.24055363321799306,0.2532320405171265,0.464614499424626,0.09266069042693852,0
IL,123,408,No,No,0,114.8,94,19.52,150.0,104,12.75,268.6,119,12.09,9.6,4,2.59,2,False,543.0000000000001,321,46.95,0.1700348432055749,1.2212765957446807,0.2076595744680851,0.085,1.4423076923076923,0.12259615384615384,0.04501116902457185,2.257142857142857,0.10159663865546219,0.08646408839779005,1.6915887850467293,0.14626168224299066,0.21141804788213622,0.4157614483493077,0.026710750980529472,0
IN,64,408,No,No,0,113.8,97,19.35,192.3,97,16.35,214.9,89,9.67,10.4,1,2.81,3,False,531.4,284,48.18000000000001,0.1700351493848858,1.1731958762886598,0.19948453608247424,0.08502340093603744,1.9824742268041238,0.16855670103092785,0.04499767333643555,2.4146067415730337,0.10865168539325842,0.09066616484757246,1.8711267605633801,0.16964788732394367,0.21415129845690628,0.4016189290161893,0.024007768686998655,0
ND,27,415,No,No,0,227.4,67,38.66,248.0,115,21.08,61.4,109,2.76,7.8,6,2.11,1,False,544.5999999999999,297,64.61,0.1700087950747581,3.3940298507462687,0.5770149253731343,0.08499999999999999,2.1565217391304348,0.18330434782608696,0.044951140065146576,0.563302752293578,0.02532110091743119,0.11863753213367612,1.8336700336700333,0.21754208754208754,0.4175541681968418,0.5983593870917814,0.029059476978643264,0
NH,123,408,No,No,0,224.0,99,38.08,210.7,80,17.91,231.9,75,10.44,2.1,5,0.57,0,False,668.7,259,66.99999999999999,0.16999999999999998,2.2626262626262625,0.3846464646464646,0.08500237304224016,2.63375,0.223875,0.045019404915912026,3.092,0.1392,0.10019440705847163,2.5818532818532822,0.2586872586872586,0.3349783161357858,0.5683582089552239,0.03462674515516306,0
NM,84,408,No,Yes,41,153.9,102,26.16,140.7,117,11.96,217.7,101,9.8,12.8,5,3.46,1,False,525.0999999999999,325,51.38,0.1699805068226121,1.5088235294117647,0.2564705882352941,0.08500355366027008,1.2025641025641025,0.10222222222222223,0.045016077170418015,2.155445544554455,0.09702970297029703,0.09784802894686728,1.6156923076923073,0.1580923076923077,0.2930870310417064,0.5091475282210977,0.017736332217078685,0
LA,91,415,No,No,0,190.5,128,32.39,205.5,103,17.47,130.7,63,5.88,13.8,5,3.73,0,False,540.5,299,59.47,0.1700262467191601,1.48828125,0.253046875,0.08501216545012165,1.9951456310679612,0.1696116504854369,0.044988523335883705,2.0746031746031743,0.09333333333333334,0.1100277520814061,1.8076923076923077,0.1988963210702341,0.3524514338575393,0.5446443585000841,0.015418960527892368,0
KY,95,510,No,No,0,157.3,116,26.74,197.5,77,16.79,128.2,111,5.77,8.4,4,2.27,2,False,491.4,308,51.57,0.16999364272091544,1.3560344827586208,0.23051724137931034,0.08501265822784809,2.564935064935065,0.21805194805194805,0.04500780031201248,1.154954954954955,0.05198198198198198,0.10494505494505495,1.5954545454545455,0.16743506493506494,0.32010582010582017,0.5185185185185185,0.014265596874021833,0
WV,73,415,No,No,0,240.3,130,40.85,162.5,83,13.81,231.9,136,10.44,11.9,3,3.21,0,False,646.6,352,68.31,0.16999583853516437,1.8484615384615386,0.31423076923076926,0.0849846153846154,1.9578313253012047,0.1663855421686747,0.045019404915912026,1.7051470588235293,0.07676470588235294,0.10564491184658212,1.8369318181818182,0.1940625,0.3716362511599134,0.5980090762699458,0.03419139378745909,0
WV,58,408,No,Yes,39,211.9,40,36.02,274.4,76,23.32,210.5,139,9.47,5.4,4,1.46,1,False,702.1999999999999,259,70.27,0.1699858423784804,5.2975,0.9005000000000001,0.08498542274052479,3.6105263157894734,0.3068421052631579,0.04498812351543943,1.514388489208633,0.0681294964028777,0.10007120478496155,2.711196911196911,0.2713127413127413,0.30176587866704646,0.5125942792087662,0.011087100745111952,0
IA,88,415,No,No,0,113.7,67,19.33,165.1,127,14.03,141.5,142,6.37,10.8,3,2.92,1,False,431.1,339,42.65,0.1700087950747581,1.6970149253731344,0.28850746268656713,0.08497880072683223,1.3,0.11047244094488189,0.04501766784452297,0.9964788732394366,0.04485915492957747,0.09893296218974715,1.2716814159292036,0.12581120943952803,0.26374391092553934,0.4532239155920281,0.01995298472876339,0
NE,67,415,No,Yes,41,174.7,86,29.7,160.6,93,13.65,155.3,108,6.99,13.4,1,3.62,0,False,503.99999999999994,288,53.96,0.1700057240984545,2.031395348837209,0.3453488372093023,0.08499377334993774,1.7268817204301075,0.1467741935483871,0.04500965872504829,1.437962962962963,0.06472222222222222,0.10706349206349208,1.7499999999999998,0.18736111111111112,0.3466269841269841,0.550407709414381,0.02060069447740622,0
WA,152,510,No,No,0,161.4,84,27.44,163.6,88,13.91,153.2,121,6.89,11.8,5,3.19,1,False,490.0,298,51.43,0.17001239157372985,1.9214285714285715,0.32666666666666666,0.08502444987775061,1.8590909090909091,0.15806818181818183,0.04497389033942559,1.2661157024793388,0.056942148760330574,0.10495918367346939,1.6442953020134228,0.17258389261744966,0.3293877551020408,0.5335407349795839,0.03393478554506625,0
PA,142,510,No,Yes,40,230.7,101,39.22,256.8,88,21.83,263.9,92,11.88,6.4,3,1.73,1,False,757.8,284,74.66,0.17000433463372344,2.284158415841584,0.38831683168316833,0.08500778816199375,2.9181818181818184,0.2480681818181818,0.045017051913603646,2.868478260869565,0.12913043478260872,0.09852203747690684,2.6683098591549292,0.26288732394366193,0.30443388756927947,0.5253147602464506,0.031612725844079446,0
ID,105,408,No,No,0,232.6,96,39.54,253.4,117,21.54,154.0,101,6.93,10.5,9,2.84,1,False,650.5,323,70.85,0.1699914015477214,2.4229166666666666,0.411875,0.08500394632991318,2.1658119658119657,0.1841025641025641,0.045,1.5247524752475248,0.0686138613861386,0.10891621829362029,2.013931888544892,0.21934984520123837,0.35757109915449653,0.5580804516584333,0.06083738526665456,0
DC,93,408,No,Yes,22,306.2,123,52.05,189.7,83,16.12,240.3,107,10.81,11.7,2,3.16,0,False,747.9000000000001,315,82.14,0.16998693664271716,2.489430894308943,0.42317073170731706,0.08497627833421192,2.2855421686746986,0.19421686746987954,0.044985434873075325,2.2457943925233645,0.10102803738317757,0.10982751704773364,2.3742857142857146,0.26076190476190475,0.40941302313143463,0.6336742147552958,0.10513682931751613,0
KY,79,415,No,No,0,236.8,135,40.26,186.4,87,15.84,126.9,112,5.71,10.4,5,2.81,2,False,560.5,339,64.61999999999999,0.17001689189189187,1.7540740740740741,0.2982222222222222,0.08497854077253218,2.142528735632184,0.1820689655172414,0.044996059889676907,1.1330357142857144,0.05098214285714286,0.11528991971454057,1.6533923303834808,0.19061946902654864,0.4224799286351472,0.6230269266480967,0.016672978859772928,0
SC,88,408,No,No,0,153.5,94,26.1,251.7,118,21.39,182.2,99,8.2,8.5,6,2.3,1,False,595.9,317,57.989999999999995,0.1700325732899023,1.6329787234042554,0.27765957446808515,0.08498212157330155,2.133050847457627,0.18127118644067797,0.04500548847420417,1.8404040404040403,0.08282828282828282,0.09731498573586171,1.8798107255520504,0.18293375394321765,0.25759355596576605,0.4500775995861356,0.017732378842808056,0
NC,110,408,No,No,0,159.5,145,27.12,202.3,101,17.2,256.0,96,11.52,16.7,2,4.51,2,False,634.5,344,60.35,0.17003134796238245,1.1,0.1870344827586207,0.08502224419179435,2.002970297029703,0.17029702970297028,0.045,2.6666666666666665,0.12,0.09511426319936958,1.8444767441860466,0.17543604651162792,0.25137903861308114,0.44937862468931233,0.032566917338916646,0
NY,209,415,No,No,0,153.7,105,26.13,188.6,87,16.03,200.8,95,9.04,10.7,2,2.89,0,False,553.8,289,54.089999999999996,0.17000650618087185,1.4638095238095237,0.24885714285714286,0.08499469777306469,2.167816091954023,0.1842528735632184,0.04501992031872509,2.113684210526316,0.0951578947368421,0.09767063921993499,1.9162629757785465,0.18716262975778544,0.2775370169736367,0.48308374930671105,0.032375174161143855,0
OR,27,510,No,No,0,232.1,81,39.46,210.8,101,17.92,165.4,87,7.44,15.0,6,4.05,5,False,623.3,275,68.87,0.17001292546316243,2.865432098765432,0.4871604938271605,0.08500948766603415,2.087128712871287,0.17742574257425744,0.04498186215235792,1.9011494252873564,0.08551724137931035,0.1104925397080058,2.2665454545454544,0.2504363636363637,0.3723728541633243,0.5729635545230144,0.03970873978656549,0
IL,117,415,No,No,0,201.9,86,34.32,212.3,96,18.05,176.9,98,7.96,7.8,10,2.11,1,False,598.9,290,62.440000000000005,0.1699851411589896,2.3476744186046514,0.39906976744186046,0.08502119642016015,2.2114583333333333,0.18802083333333333,0.04499717354437535,1.8051020408163265,0.08122448979591837,0.10425780597762566,2.0651724137931033,0.21531034482758624,0.3371180497578895,0.549647661755285,0.014218149888757713,0
MA,87,408,No,No,0,186.9,79,31.77,182.6,105,15.52,143.1,90,6.44,4.2,14,1.13,1,False,516.8000000000001,288,54.86,0.169983948635634,2.3658227848101268,0.4021518987341772,0.08499452354874042,1.739047619047619,0.1478095238095238,0.04500349406009784,1.5899999999999999,0.07155555555555557,0.10615325077399379,1.7944444444444447,0.1904861111111111,0.36164860681114547,0.5791104629967189,0.0068099220655675665,0
CT,129,510,No,Yes,27,196.6,89,33.42,180.6,95,15.35,245.0,83,11.03,6.6,5,1.78,1,False,628.8000000000001,272,61.580000000000005,0.16998982706002036,2.208988764044944,0.37550561797752813,0.08499446290143965,1.9010526315789473,0.16157894736842104,0.0450204081632653,2.9518072289156625,0.13289156626506024,0.09793256997455471,2.311764705882353,0.22639705882352942,0.3126590330788804,0.5427086716466385,0.014811775021927974,0
WI,142,510,No,No,0,232.1,102,39.46,168.2,110,14.3,197.3,120,8.88,9.9,3,2.67,1,False,607.4999999999999,335,65.31,0.17001292546316243,2.2754901960784313,0.38686274509803925,0.0850178359096314,1.529090909090909,0.13,0.04500760263558034,1.6441666666666668,0.07400000000000001,0.1075061728395062,1.813432835820895,0.19495522388059702,0.38205761316872433,0.604195375899556,0.02994799312898745,0
OK,112,415,No,No,0,166.0,79,28.22,74.6,100,6.34,247.9,74,11.16,6.3,7,1.7,0,False,494.8,260,47.42,0.16999999999999998,2.1012658227848102,0.3572151898734177,0.08498659517426274,0.746,0.0634,0.04501815248083905,3.35,0.15081081081081082,0.09583670169765562,1.903076923076923,0.1823846153846154,0.3354890864995958,0.5951075495571488,0.011808384779851024,0
AZ,97,408,No,Yes,25,141.0,101,23.97,212.0,85,18.02,175.2,138,7.88,4.9,2,1.32,3,False,533.1,326,51.19,0.16999999999999998,1.396039603960396,0.23732673267326732,0.08499999999999999,2.4941176470588236,0.212,0.04497716894977169,1.2695652173913043,0.057101449275362315,0.09602326017632713,1.635276073619632,0.1570245398773006,0.2644907146876758,0.4682555186559875,0.01198618720089102,0
KS,101,415,No,No,0,231.3,87,39.32,224.7,88,19.1,214.6,69,9.66,7.2,7,1.94,1,False,677.8000000000001,251,70.02,0.1699956766104626,2.6586206896551725,0.45195402298850573,0.08500222518914109,2.5534090909090907,0.21704545454545457,0.04501397949673812,3.110144927536232,0.14,0.10330480967837119,2.7003984063745023,0.27896414342629483,0.34125110652109764,0.5615538417594973,0.11018677054513037,0
KS,127,415,No,Yes,24,154.8,69,26.32,177.2,105,15.06,207.6,102,9.34,9.0,4,2.43,1,False,548.6,280,53.15,0.17002583979328165,2.2434782608695656,0.3814492753623188,0.08498871331828443,1.6876190476190476,0.14342857142857143,0.04499036608863199,2.0352941176470587,0.09156862745098039,0.09688297484506014,1.9592857142857143,0.18982142857142856,0.2821728034998177,0.49520225776105364,0.03236966430711126,0
WY,148,408,No,No,0,243.0,115,41.31,191.8,91,16.3,117.8,93,5.3,13.4,5,3.62,2,False,566.0,304,66.53,0.17,2.1130434782608694,0.3592173913043478,0.08498435870698644,2.1076923076923078,0.17912087912087912,0.04499151103565365,1.2666666666666666,0.05698924731182795,0.11754416961130743,1.861842105263158,0.2188486842105263,0.4293286219081272,0.6209228919284534,0.019517711368816106,0
OK,138,510,No,Yes,33,155.2,139,26.38,268.3,79,22.81,186.4,71,8.39,9.7,4,2.62,3,False,619.6,293,60.199999999999996,0.16997422680412372,1.116546762589928,0.1897841726618705,0.08501677226984718,3.39620253164557,0.28873417721518985,0.04501072961373391,2.6253521126760564,0.11816901408450706,0.0971594577146546,2.1146757679180888,0.2054607508532423,0.25048418334409295,0.4382059800664452,0.024002364412493815,0
WA,84,415,No,No,0,289.1,100,49.15,233.8,97,19.87,223.5,148,10.06,12.7,2,3.43,2,True,759.1000000000001,347,82.51,0.17001037703216879,2.891,0.4915,0.08498716852010266,2.410309278350516,0.20484536082474228,0.04501118568232662,1.510135135135135,0.06797297297297297,0.10869450665261493,2.1876080691642654,0.23778097982708934,0.3808457383743907,0.5956853714701248,0.9878303124960499,1
MD,133,510,No,No,0,295.0,141,50.15,223.6,101,19.01,229.4,109,10.32,12.9,4,3.48,2,True,760.9,355,82.96,0.16999999999999998,2.0921985815602837,0.3556737588652482,0.08501788908765653,2.2138613861386136,0.18821782178217825,0.04498692240627725,2.1045871559633027,0.09467889908256881,0.10902878170587461,2.1433802816901406,0.2336901408450704,0.3876987777631752,0.6045081967213115,0.9878318064750542,1
NY,120,510,No,Yes,27,128.5,115,21.85,163.7,91,13.91,242.9,121,10.93,0.0,0,0.0,1,False,535.1,327,46.690000000000005,0.17003891050583658,1.117391304347826,0.19,0.08497251069028712,1.7989010989010987,0.15285714285714286,0.04499794153972828,2.007438016528926,0.09033057851239669,0.08725471874415998,1.6363914373088686,0.142782874617737,0.24014202952719116,0.46798029556650245,0.013371445041799932,0
WI,87,415,No,No,0,238.0,97,40.46,164.5,97,13.98,282.5,132,12.71,10.6,6,2.86,2,False,695.6,332,70.01,0.17,2.4536082474226806,0.41711340206185565,0.08498480243161094,1.6958762886597938,0.14412371134020618,0.04499115044247788,2.140151515151515,0.0962878787878788,0.10064692351926395,2.095180722891566,0.21087349397590363,0.3421506612995975,0.5779174403656621,0.07228197894103414,0
AK,99,510,No,No,0,238.4,96,40.53,246.5,130,20.95,198.4,117,8.93,12.4,4,3.35,3,False,695.6999999999999,347,73.75999999999999,0.17000838926174497,2.4833333333333334,0.4221875,0.08498985801217038,1.896153846153846,0.16115384615384615,0.045010080645161286,1.6957264957264957,0.07632478632478633,0.10602271093862296,2.004899135446686,0.21256484149855906,0.34267644099468164,0.5494848156182214,0.35629460587536843,0
AZ,48,415,No,Yes,27,141.1,109,23.99,224.7,94,19.1,174.3,122,7.84,13.2,2,3.56,1,False,553.3,327,54.49000000000001,0.17002126151665484,1.2944954128440367,0.22009174311926605,0.08500222518914109,2.3904255319148935,0.20319148936170214,0.044979919678714855,1.428688524590164,0.06426229508196721,0.09848183625519612,1.6920489296636083,0.16663608562691135,0.2550153623712272,0.44026426867315094,0.02128983681697192,0
KS,57,415,No,No,0,158.1,117,26.88,115.2,149,9.79,182.4,92,8.21,11.8,7,3.19,0,False,467.50000000000006,365,48.07,0.1700189753320683,1.3512820512820511,0.22974358974358974,0.08498263888888888,0.7731543624161074,0.06570469798657717,0.0450109649122807,1.982608695652174,0.08923913043478261,0.10282352941176469,1.2808219178082194,0.1316986301369863,0.33818181818181814,0.5591845225712503,0.007158576787807156,0
CA,127,510,No,No,0,107.9,128,18.34,187.0,77,15.9,218.5,95,9.83,0.0,0,0.0,0,False,513.4,300,44.07,0.16997219647822057,0.84296875,0.14328125,0.08502673796791443,2.4285714285714284,0.2064935064935065,0.044988558352402744,2.3,0.10347368421052631,0.08583950136345929,1.7113333333333332,0.1469,0.21016751071289444,0.41615611527115953,0.02217349516142842,0
IN,114,408,No,No,0,203.8,85,34.65,87.8,110,7.46,166.2,122,7.48,11.7,4,3.16,1,False,469.5,321,52.75,0.1700196270853778,2.3976470588235297,0.4076470588235294,0.08496583143507973,0.7981818181818181,0.06781818181818182,0.045006016847172085,1.362295081967213,0.06131147540983607,0.11235356762513313,1.4626168224299065,0.16433021806853582,0.4340788072417466,0.656872037914692,0.008068157061997188,0
CA,84,415,No,No,0,280.0,113,47.6,202.2,90,17.19,156.8,103,7.06,10.4,4,2.81,0,True,649.4,310,74.66000000000001,0.17,2.47787610619469,0.42123893805309737,0.08501483679525224,2.2466666666666666,0.191,0.045025510204081624,1.5223300970873788,0.06854368932038835,0.11496766245765323,2.0948387096774193,0.24083870967741938,0.43116723129042195,0.6375569247254218,0.3463695114940826,0
WI,114,415,No,Yes,26,137.1,88,23.31,155.7,125,13.23,247.6,94,11.14,11.5,7,3.11,2,False,551.9,314,50.79,0.1700218818380744,1.5579545454545454,0.26488636363636364,0.08497109826589597,1.2455999999999998,0.10584,0.044991922455573506,2.6340425531914895,0.11851063829787235,0.09202754122123573,1.7576433121019108,0.1617515923566879,0.24841456785649574,0.45894861193148256,0.01370700160653088,0
AL,106,408,No,Yes,29,83.6,131,14.21,203.9,131,17.33,229.5,73,10.33,8.1,3,2.19,1,False,525.1,338,44.059999999999995,0.16997607655502395,0.6381679389312976,0.10847328244274809,0.08499264345267286,1.5564885496183207,0.13229007633587786,0.045010893246187365,3.143835616438356,0.1415068493150685,0.08390782708055607,1.5535502958579883,0.1303550295857988,0.1592077699485812,0.3225147526100772,0.04144324008088438,0
VT,60,415,No,No,0,193.9,118,32.96,85.0,110,7.23,210.1,134,9.45,13.2,8,3.56,3,False,502.2,370,53.2,0.1699845281072718,1.6432203389830509,0.27932203389830507,0.08505882352941177,0.7727272727272727,0.06572727272727273,0.044978581627796284,1.567910447761194,0.07052238805970149,0.10593389088012745,1.3572972972972972,0.1437837837837838,0.3861011549183592,0.6195488721804511,0.0078119469011271436,0
WV,159,415,No,No,0,169.8,114,28.87,197.7,105,16.8,193.7,82,8.72,11.6,4,3.13,1,False,572.8000000000001,305,57.52,0.17002355712603062,1.4894736842105265,0.2532456140350877,0.08497723823975721,1.8828571428571428,0.16,0.045018069179143014,2.362195121951219,0.10634146341463416,0.10041899441340782,1.8780327868852462,0.18859016393442624,0.2964385474860335,0.5019123783031989,0.02808851862791688,0
CT,184,510,Yes,No,0,213.8,105,36.35,159.6,84,13.57,139.2,137,6.26,5.0,10,1.35,2,False,517.5999999999999,336,57.53,0.17001870907390085,2.0361904761904763,0.3461904761904762,0.08502506265664161,1.9,0.16154761904761905,0.044971264367816094,1.0160583941605839,0.045693430656934306,0.11114760432766617,1.54047619047619,0.1712202380952381,0.41306027820710983,0.631844255171215,0.013018617450491883,0
